Parcel ID,Address
627476010,2094 JAMESTOWN AVE
627478013,1403 6TH AVE NE
627478005,1500 NORTH RIDGE CT NE
627477011,1402 6TH AVE NE
627478004,1501 NORTH RIDGE CT NE
627477010,1500 6TH AVE NE
627478009,1502 NORTH RIDGE CT NE
627478003,1503 NORTH RIDGE CT NE
627478006,502 14TH ST NE
627478014,504 14TH ST NE
627477013,600 14TH ST NE
627477012,602 14TH ST NE
627478012,1501 6TH AVE NE
627477009,1502 6TH AVE NE
627478008,1504 NORTH RIDGE CT NE
627478011,1503 6TH AVE NE
627477008,1504 6TH AVE NE
627478001,1501 NORTH RIDGE CT NE
627478007,1506 NORTH RIDGE CT NE
627478010,1505 6TH AVE NE
627477007,1506 6TH AVE NE
627428003,1803 8TH AVE NE
627476007,2089 KENTUCKY AVE
627477006,1508 6TH AVE NE
627477002,502 16TH ST NE
627477003,504 16TH ST NE
627477014,506 16TH ST NE
627477015,1510 6TH AVE NE
627476003,2082 JAMESTOWN AVE
627476012,2083 KENTUCKY AVE
627476017,2081 KENTUCKY AVE
627476016,2079 KENTUCKY AVE
627476015,2077 KENTUCKY AVE
627428004,1801 8TH AVE NE
627427005,2070 JAMESTOWN AVE
627427006,2068 JAMESTOWN AVE
627427011,1998 206TH ST
627427007,2066 JAMESTOWN AVE
627428002,1805 8TH AVE NE
627427001,2064 JAMESTOWN AVE
627427010,1980 206TH ST
627427004,1986 206TH ST
627428001,1901 8TH AVE NE
627476019,2080 JAMESTOWN AVE
627476001,2076 JAMESTOWN AVE
627427009,2074 JAMESTOWN AVE
627478002,1505 NORTH RIDGE CT NE
634228013,520 12TH ST NE
634229007,1200 6TH AVE NE
634229017,714 12TH ST NE
634229023,720 12TH ST NE
634228012,1205 6TH AVE NE
634229006,1204 6TH AVE NE
634229014,610 12TH ST NE
634229015,700 12TH ST NE
634229016,710 12TH ST NE
634228015,1200 5TH AVE NE
634228011,1211 6TH AV NE
634229005,1210 6TH AVE NE
634228014,1210 5TH AVE NE
634228003,508 12TH ST NE
634228004,510 12TH ST NE
634228005,516 12TH ST NE
634229021,1213 8TH AVE NE
634228010,1215 6TH AVE NE
634229020,1221 8TH AVE NE
634228009,1221 6TH AVE NE
634229003,1220 6TH AVE NE
634228008,1223 6TH AVE NE
634229002,1224 6TH AVE NE
634228016,501 13TH ST NE
634229001,1230 6TH AVE NE
634229008,611 13TH ST NE
634229010,705 13TH ST NE
634229011,711 13TH ST NE
634229012,717 13TH ST NE
634229018,1229 8TH AVE NE
634227012,712 13TH ST NE
634227013,716 13TH ST NE
634227014,720 13TH ST NE
634226008,500/512 13TH ST NE
634226008,500/512 13TH ST NE
634227005, 6TH AVE NE
634227011,1303 8TH AVE NE
634226004,1308 5TH AVE NE
634227010,1307 8TH AVE NE
634227003, 6TH AVE NE
634226012,1312 5TH AVE NE
634227016,1313 8TH AVE NE
634226011,1399 6TH AVE NE
634227007,700 13TH ST NE
634227015,601 14TH ST NE
634227006,700 13TH ST NE
634229022,1207 8TH AVE NE
634229019,1225 8TH AVE NE
634228007,1231 6TH AVE NE
634229025,1214 6TH AVE NE
635352003,902 HOMEWAY DR NE
634434001,618 6TH AVE NE
634190001,814 NELSON AVE NE
635159017, 9TH AVE NE
634339003,507/509 NELSON AVE NE
634484001,210 5TH AVE NE
634487001,801 3RD ST NE
635357001,807 3RD ST NE
635357002,813 3RD ST NE
635357003,817 3RD ST NE
635357004,217 9TH AVE NE
635358001,905 3RD ST NE
635359002,917 3RD ST NE
635359004,1007 3RD ST NE
635359005,1013 3RD ST NE
634458009,208 2ND ST NE
634458011,216 2ND ST NE
634486009,201 8TH AVE NE
634458020, 3RD AVE NE
634458005,200 2ND AVE NE
634486005,706 2ND ST NE
634458019,201 3RD AVE NE
634486004,200 7TH AVE NE
634457002,231 2ND AVE NE
634486006,217 8TH AVE NE
634458001,218 2ND AVE NE
634486001,216 7TH AVE NE
634458008,209 3RD ST NE
634458012,217 3RD AVE NE
634459001,218 3RD AVE NE
634459006,313 3RD ST NE
634459007,217 4TH AVE NE
634460001,209 5TH AVE NE
634459012, 2ND ST NE
634459004,206 3RD AVE NE
635357006,200 8TH AVE NE
635357010,201 9TH AVE NE
634458010,210 2ND ST NE
634458017,205 3RD AVE NE
634457005, CORRINE AVE
634486007,209 8TH AVE NE
634457006,207 2ND AVE NE
634486008,207 8TH AVE NE
635359011,1016 2ND ST NE
634458004,202 2ND AVE NE
634486003,206 7TH AVE NE
634459003,206 3RD AVE NE
634459011,209 4TH AVE NE
634385006,201 CORINNE
634457010, 2ND AVE NE
634458014,209 3RD AVE NE
635357005,208 8TH AVE NE
634458003,210 2ND AVE NE
635357007,812 2ND ST NE
635357008,816 2ND ST NE
635357009,207 9TH AVE NE
634457003,215 2ND AVE NE
635359008,1000 2ND ST NE
635359009,1008 2ND ST NE
635359010,203 11TH AVE NE
634487004,210 8TH AVE NE
634486002,210 7TH AVE NE
634459009,211 4TH AVE NE
634459002,212 3RD AVE NE
634458013,211 3RD AVE NE
634487003, 8TH AVE NE
635359007,916 2ND ST NE
634459008,215 4TH AVE NE
634487002,216 8TH AVE NE
634385004, CORINE AVE
634457001,109 3RD ST NE
634451008,301 2ND AVE NE
634451007,305 2ND AVE NE
634481004,600/602 3RD ST NE
634455001,200 3RD ST NE
634455002,204 3RD ST NE
634455003,208 3RD ST NE
634455004,214 3RD ST NE
634455005,300 3RD AVE NE
634480007,300 5TH AVE NE
634456001,402 3RD ST NE
634456002,404 3RD ST NE
634456003,408 3RD ST NE
634483004,302 8TH AVE NE
634379003,331 CORRINE AVE NE
634451006,309 2ND AVE NE
634378002,401 1ST AVE NE
634482010,716 3RD ST NE
635353006,302 9TH AVE NE
635353007,904 3RD ST NE
634482009,710 3RD ST NE
635353008,908 3RD ST NE
635355004,308 10TH AVE NE
635355005,309 11TH AVE NE
635351006,313 9TH AVE NE
634451004,405 2ND AVE NE
634483002,314 8TH AVE NE
634452004,404 2ND AVE NE
634452007,206 4TH ST NE
635352004,908 HOMEWAY DR
634482005,317 8TH AVE NE
634482004,713 4TH ST NE
634482008,706 3RD ST NE
634482016,302 7TH AVE NE
634481009,614 3RD ST NE
634481008,610 3RD ST NE
634480006,306 5TH AVE NE
634481007,606 3RD ST NE
634480008,508 3RD ST NE
634480009,512 3RD ST NE
634481003,308 6TH AVE NE
634480011,307 6TH AVE NE
635358002,900 2ND ST NE
635355006,1002 3RD ST NE
635355007,1006 3RD ST NE
635355008,307 11TH AVE NE
635353001,903 HOMEWAY DR NE
634483003,306 8TH AVE NE
635353002,907 HOMEWAY DR NE
635351008,808 3RD ST NE
635351009,812 3RD ST NE
635351010,816 3RD ST NE
635351007,309 9TH AVE NE
634452005,400 2ND AVE NE
634451005,403 2ND AVE NE
634378001, 1ST AVE NE
634481011,614 3RD ST NE
634482006,311 8TH AVE NE
634480010,313 6TH AVE NE
634480005,312 5TH AVE NE
634432013,700 7TH AVE NE
634432014,708 7TH ST NE
634191003,806 1ST AVE NE
634426001,802 5TH AVE NE
634189005,811 NELSON AVE NE
634190006,802 NELSON AVE NE
634267003,810 2ND AVE NE
634268003,806 3RD AVE NE
634190004,811 1ST AVE NE
634191002,810 1ST AVE NE
634267006,809 3RD AVE NE
634279008,808 5TH AVE NE
634188001, 9TH ST NE
634482013,312 7TH AVE NE
634482003,707 4TH ST NE
634481010,315 7TH AVE NE
634481005,611 4TH ST NE
634480001,316 5TH AVE NE
634480002,507 4TH ST NE
634480003,511 4TH ST NE
634480004,317 6TH AVE NE
634454002,404 4TH AVE NE
634454003,406 4TH ST NE
634452008,405 3RD AVE NE
634451003,409 2ND AVE NE
634483001,316 8TH AVE NE
635351001,809 4TH ST NE
635351002,811 4TH ST NE
635351003,815 4TH ST NE
634452003,410 2ND AVE NE
635355001,314 10TH AVE NE
635351004,317 9TH AVE NE
635355002,1007 4TH ST NE
635355003,315 11TH AVE NE
635352001,316 9TH AVE NE
635352002,317 WILCOX PL NE
634452002,412 2ND AVE NE
634451002,413 2ND AVE NE
634377001,75 5TH ST NE
634377002,81 5TH ST NE
634478005,401 8TH AVE NE
634478004,712 4TH ST NE
634379001, 1ST AVE NE
634477006,401 7TH AVE NE
634477002,402 6TH AVE NE
634477003,608 4TH ST NE
634478002,702 4TH ST NE
634451001,417 2ND AVE NE
634452009,418 2ND AVE NE
634452010,205 5TH ST NE
634453001,314 3RD ST NE
634454001,415 5TH AVE NE
634476001,400 5TH AVE NE
634476005,400 5TH AVE
635311003,902 4TH ST NE
634477001,404 6TH AVE NE
634477004,609 5TH ST NE
634477005,615 5TH ST NE
635310013,804 4TH ST NE
635310011,402 8TH AVE NE
634478001,404 7TH AVE NE
634339004,503 NELSON AVE NE
634340004,80 5TH ST NE
634341005,100 5TH ST NE
634341006,104 5TH ST NE
634413005,108 5TH ST NE
635310012,406 8TH AVE NE
634340007,511 1ST AVE NE
634413006,501 2ND AVE NE
635310010,810 4TH ST NE
635310009,812 4TH ST NE
634414005,500 2ND AVE NE
635310007,814 4TH ST NE
635310008,820 4TH ST NE
634414010,501 3RD AVE NE
634415005,500 3RD AVE NE
635308005,1010 4TH ST NE
635311004,406 9TH AVE NE
634416004,400 5TH ST NE
634416007,501 5TH AVE NE
634340003,504 NELSON AVE NE
634437008,500 6TH AVE NE
634416003,506 4TH AVE NE
634340008,507 1ST AVE NE
634341004,506 1ST AVE NE
634437009,608 5TH ST NE
634414004,504 2ND AVE NE
634414009,505 3RD AVE NE
634413004,507 2ND AVE NE
634438014,726 5TH ST NE
634415004,506 3RD AVE NE
635310002,410 8TH AVE NE
634415009,504 4TH AVE NE
634340002,510 NELSON AVE NE
634437011,614 5TH ST NE
634416006,507 5TH AVE NE
634341003,510 1ST AVE NE
634414003,510 2ND AVE NE
634414008,509 3RD AVE NE
634438006,700 5TH ST NE
634438007,706 5TH ST NE
634438008,710 5TH ST NE
634415003,510 3RD AVE NE
634438009,712 5TH ST NE
634438010,718 5TH ST NE
634415008,408 5TH ST NE
634438013,505 8TH AVE NE
634413003,511 2ND AVE NE
634436006,512 5TH ST NE
635310001,416 8TH AVE NE
635310014,807 5TH ST NE
635310015,417 9TH AVE NE
635311001,416 9TH AVE NE
634437003,508 6TH AVE NE
634437007,511 7TH AVE NE
634340006,515 1ST AVE NE
634341002,514 1ST AVE NE
634414002,514 2ND AVE NE
634414007,513/515 3RD AVE NE
634416002,512 4TH AVE NE
635308002,415 11TH AVE NE
634415002,514 3RD AVE NE
634415007,513 4TH AV NE
634436002,512 5TH AVE NE
634339001,6193 CENTER AVE NE
634339002,513 NELSON AVE NE
634436004,512 5TH ST NE
634437002,512 6TH AVE NE
634437006,515 7TH AVE NE
634340005,519 1ST AVE NE
634438012,509 8TH AVE NE
634341001,518 1ST AVE NE
634413001,111 6TH ST NE
634413002,519 2ND AVE NE
634414001,205 6TH ST NE
634414006,519 3RD AVE NE
634415001,516 3RD AVE NE
634415006,519 4TH AVE NE
634416001,518 4TH AVE NE
634416005,517 5TH AVE NE
634436001,518 5TH ST NE
634436003,519 6TH AVE NE
635306005,802 5TH ST NE
634437001,518 6TH AVE NE
634437005,517 7TH AVE NE
634438001,516 7TH AVE NE
635306012,812 5TH ST NE
634438002,707 6TH ST NE
634438003,711 6TH ST NE
634438004,715 6TH ST NE
635307004,502 9TH AVE NE
634438005,719 6TH ST NE
634438011,723 6TH ST NE
635306004,506 8TH AVE NE
634335005,60 6TH ST NE
634335006,66 6TH ST NE
634335010,601 NELSON AVE NE
634337005,600 1ST AVE NE
634337006,108 6TH ST NE
634336004,80 6TH ST NE
634409005,112 6TH ST NE
634336005,86 6TH ST NE
635306003,508 8TH AVE NE
635306009,808 5TH ST NE
635307003,506 9TH AVE NE
634410003,210 6TH ST NE
634410008,601 3RD AVE NE
634334004,619 CENTER AVE NE
634335004,608 CENTER AVE NE
634412008,600 4TH AVE NE
634412010,603 5TH AVE NE
634433010,516 6TH ST NE
634335009,607 NELSON AVE NE
634434005,600 6TH AVE NE
634410002,600 2ND AVE NE
634410003,210 6TH ST NE
634434010,618 6TH ST NE
634337004,604 1ST AVE NE
634409006,603 2ND AVE NE
634410007,605 3RD AVE NE
635306008,511 9TH AVE NE
634336009,605 1ST AVE NE
634435015,601 8TH AVE NE
634336003,606 NELSON AVE NE
634334003,609 CENTER ST NE
634433004,604 5TH AVE NE
634335003,610 CENTER AVE NE
634433009,605 6TH AVE NE
634434004,604 6TH AVE NE
634434009,607 7TH AVE NE
634412009,605 5TH AVE NE
634337003,610 1ST AVE NE
634409004,611 2ND AVE NE
634435008,700 6TH ST NE
634336002,610 NELSON AVE NE
634330005,709 CENTER AVE NE
634435009,706 6TH ST NE
634410006,611 3RD AVE NE
634435010,710 6TH ST NE
634435011,714 6TH ST NE
634435012,716 6TH ST NE
634435013,720 6TH ST NE
634435014,607 8TH AVE NE
634334002,613 CENTER AVE NE
634433003,608 5TH AVE NE
634335002,614 CENTER AVE NE
634337002,612 1ST AVE NE
635306006,811 6TH ST NE
635306007,813 6TH ST NE
634335008,613 NELSON AVE NE
635307001,514 9TH AVE NE
635307002, 9TH AVE NE (VACANT)
634434008,609 7TH AVE NE
634336008,613 1ST AVE NE
634409003,615 2ND AVE NE
634406004,706 2ND AVE NE
634407010,306 7TH ST NE
634407011,310 7TH ST NE
634406008,705 3RD AVE NE
634331002,710 CENTER ST
634430004,706 5TH AVE NE
635304001,614 8TH AVE NE
635304004,811 7TH ST NE
634430009,711 6TH AVE NE
635304005,613 9TH AVE NE
635305001,614 9TH AVE NE
634331007,707 NELSON AVE NE
634408004,708 4TH AVE NE
634332008,709 1ST AVE NE
634407009,302 7TH ST NE
635314004,1001 7TH ST NE
634408006,707 5TH AVE NE
635314003,1007 7TH ST NE
635314002,1011 7TH ST NE
634405003,709 2ND AVE NE
634406003,710 2ND AVE NE
634433008,609 6TH AVE NE
634410005,613 3RD AVE NE
634412005,613 5TH AVE NE
634334001,619 CENTER AVE NE
634335001,71 7TH ST NE
634335007,619 NELSON AVE NE
634433007,615 6TH AVE NE
634435002,612 7TH AVE NE
634434002,612 6TH AVE NE
634336001,616 NELSON AVE NE
634336006,93 7TH ST NE
634434007,615 7TH AVE NE
634336007,619 1ST AVE NE
634435007,613 8TH AVE NE
634337001,103 7TH ST NE
634409001,111 7TH ST NE
634409002,117 7TH ST NE
634410001,618 2ND AVE NE
634410004,617 3RD AVE NE
634412011,612 4TH AVE NE
634412002,407 7TH ST NE
634412003,617 5TH AVE NE
634433001,618 5TH AVE NE
635304003,600 8TH AVE NE
634433006,619 6TH AVE NE
634434006,619 7TH AVE NE
634435001,616 7TH AVE NE
634435003,709 7TH ST NE
634435004,713 7TH ST NE
634435005,717 7TH ST NE
634435006,619 8TH AVE NE
634330006,703 CENTER AVE NE
634331004,60 7TH ST NE
635304008,808 6TH ST NE
635305003,600 9TH AVE NE
634332010,92 7TH ST NE
634332011,701 1ST AVE NE
635314005,601 11TH AVE NE
634333004,100/102 7TH ST NE
634332005,86 7TH ST NE
634330006,703 CENTER AVE NE
634408005,400 7TH ST NE
634331003,704 CENTER AVE NE
634430005,702 5TH AVE NE
635304002,606 8TH AVE NE
634407012,314 7TH ST NE
634430010,703 6TH AVE NE
634332004,88 7TH ST NE
634332009,705 1ST AVE NE
634333003,706 1ST AVE NE
634406009,214 7TH ST NE
634406010,701 3RD AVE NE
634405004,701 2ND AVE NE
634432009,712 7TH ST NE
634432010,714 7TH ST NE
634407008,707 4TH AVE NE
634432011,720 7TH ST NE
634430003,710 5TH AVE NE INDEP
634331006,713 NELSON AVE NE
634430008,713 6TH AVE NE
634332007,715 1ST AVE NE
634332002,716 NELSON AVE NE
634408003,712 4TH AVE NE
634406002,712 2ND AVE NE
634407005,712 3RD AVE NE
634333002,714 1ST AVE NE
634405002,711 2ND AVE NE
634303002, 8TH ST NE
634407007,715 4TH AVE NE
634406007,709 3RD AVE NE
634330002,45 8TH ST NE
634330003,719 CENTER AVE NE
634331001,714 CENTER AVE NE
635301004,700 8TH AVE NE
634430002,712 5TH AVE NE
634331005,719 NELSON AVE NE
634430007,715 6TH AVE NE
634332001,718 NELSON AVE NE
634432016,715 7TH AVE NE
634332006,717 1ST AVE NE
634333001,718 1ST AVE NE
634405001,715 2ND AVE NE
634406001,716 2ND AVE NE
634406006,719 3RD AVE NE
634407001,716 3RD AVE NE
634407002,307 8TH ST NE
634407003,309 8TH ST NE
634407004,717 4TH AVE NE
634408001,716 4TH AVE NE
634408002,715 5TH AVE NE
635301003,706 8TH AVE NE
635301007,810 7TH ST NE
634430001,501 8TH ST NE
635301008,703 9TH AVE NE
634430006,717 6TH AVE NE
635302004,704 9TH AVE NE
634431001,711 7TH AVE NE
634432015, 7TH AVE NE
634432002,715 8TH ST NE
634432003,713 8TH AVE NE
634326002,803 CENTER AVE NE
634328001,801 1ST AVE NE
635302002,710 9TH AVE NE
634403002,302 8TH ST NE
635301002,710 8TH AVE NE
634401002,801 2ND AVE NE
634327002,78 8TH ST NE
634329001,800 1ST AVE NE
634402005,200 8TH ST NE
634402004,801 3RD AVE NE
634327001,800 CENTER AVE NE
635301001,714 8TH AVE NE
635301005,809 8TH ST NE
635301006,815 8TH ST NE
635302005,712 9TH AVE NE
635302006, 10TH AVE NE
634190007,800 NELSON AVE NE
635303009,1000 7TH ST NE
634190005,807 1ST AVE NE
635303010,1010 7TH ST NE
634401001,110 8TH ST NE
634403001,802 3RD AVE NE
634266002,805 2ND AVE NE
634267004,808 2ND AVE NE
634267007,805 3RD AVE NE
634403003,310 8TH ST NE
634404001,402 8TH ST NE
634404002,801 5TH AVE NE
634403004,318 8TH ST NE
634267002,812 2ND AVE NE
634189001,63 9TH ST NE
634189002,814 CENTER AVE NE
634268005,811 4TH AVE NE
634189003,69 9TH ST NE
635158006,808 8TH ST NE
634268002,810 3RD AVE NE
634189004,815 NELSON
635159006,800 9TH AVE NE
634190003,815 1ST AVE NE
634191001,814 1ST AVE NE
634279007,812 5TH AVE NE
634266001,815 2ND AVE NE
634267001,814 2ND AVE NE
634267005,817 3RD AVE NE
634268001,814 3RD AVE NE
634268004,315 9TH ST NE
634269001,817 5TH AVE NE
635158005,804 8TH AVE NE
635158004,812 8TH ST NE
634279006,814 5TH AVE NE
634379002,109 5TH ST NE
634279005,816 5TH AVE NE
634185002,62 9TH ST NE
634186003,80 9TH ST NE
634186004,86 9TH ST NE
634186007,901 1ST AVE NE
635159014, 9TH AVE NE
634264008,901 4TH AVE NE
634187002,100 9TH ST NE
634262002,104 9TH ST NE
634262005,106 9TH ST NE
634263010,208 9TH ST NE
634263002,900 2ND AVE NE
635158001,814 8TH AVE NE
635158003,813 9TH ST NE
634264007,905 4TH AVE NE
635159015,814 9TH AVE NE
634265002,900 4TH AVE NE
634264006,310 9TH ST NE
634279004,900 5TH AVE NE
635159013,907 9TH ST NE
634184001,40 9TH ST NE
634184002,46 9TH ST NE
634184003,48 9TH ST NE
634184004,901 CENTER AVE NE
634185001,67 10TH ST NE
634185003,68 9TH ST NE
634186001,81 10TH ST NE
634186002,87 10TH ST NE
634262004,105 10TH ST NE
634262003,909 2ND AVE NE
634263001,908 2ND AVE NE
634263003,203 10TH ST NE
634263009,207 10TH ST NE
634263006,211 10TH ST NE
634263007,212 9TH ST NE
634264001,301 10TH ST NE
634264002,304 9TH ST NE
634437004,502 6TH AVE NE
635311002,410 9TH AVE NE
634265001,401 10TH ST NE
634265003,905 5TH AVE NE
635155007,903 9TH AVE NE
634188004,807 CENTER AVE NE
635156004,902 9TH ST NE
634279003,914 5TH AVE NE
634183003,98 10TH ST NE
635155003,904 8TH AVE NE
635155006,905 9TH AVE NE
635156005,914 9TH ST NE
635157002, 10TH ST NE
635157005,1012 9TH ST NE
634181001,40 10TH ST NE
634181002,48 10TH ST NE
634181004,58 10TH ST NE
634181003, CENTER AVE NE
634182001,62 10TH ST NE
634182003,78 10TH ST NE
634183006, 10TH ST NE
634279019,1000 5TH AVE NE
635155005,911 9TH AVE NE
634183004,88 10TH ST NE
634260003,1007 2ND AVE NE
635155008,914 8TH AVE NE
635155004,815 10TH ST NE
634279018,1000 5TH AVE NE
634261009,1001 5TH AVE NE
635156001,914 9TH AVE NE
635156002,915 10TH ST NE
635157006,914 10TH ST NE
635157007,1007 10TH ST NE
634261010,300 10TH ST NE
635157004,1013 10TH ST NE
635152002,800 10TH ST NE
635152001,1004 8TH AVE NE
635152003,808 10TH ST NE
635152004,812 10TH ST NE
635152005,814 10TH ST NE
635153001,900 10TH ST NE
635153002,904 10TH ST NE
635153003,916 10TH ST NE
635154002,1010 10TH ST NE
634406005,700 2ND AVE NE
634331008,72 7TH ST NE
634331009,701 NELSON AVE NE
634332003,80 7TH ST NE
634481013,601 4TH ST NE
634482015, 7TH AVE NE
634476006,405 6TH AVE NE
634476003,510 4TH ST NE
634412012,606 4TH AVE NE
634437014,610 5TH ST NE
634481014,312 6TH AVE NE
634458022,214 2ND AVE NE
635306013,518 8TH AVE NE
634452006,417 3RD AVE NE
634433005,600 5TH AVE NE
634334004,619 CENTER AVE NE
634334001,619 CENTER AVE NE
634433002,612 5TH AVE NE
634408009,402 7TH ST NE
634432012,705 8TH AVE NE
634330004,715 CENTER AVE NE
634188003,815 CENTER AVE NE
634186008,93 10TH ST NE
635159002,810 9TH AVE NE
634187001,101 10TH ST NE
634154001,950 WEST AVE NE
635359003,1001 3RD ST NE
634480012,518 3RD ST NE
635351011,822 3RD ST NE
634478003,405 8TH AVE NE
634340001,83 6TH ST NE
634434003,608 6TH AVE NE
635306011,509 9TH AVE NE
1003251010,207 TERRACE DR SE
1003251014,225 TERRACE DR SE
1003252017,1216 3RD ST SE
635382002,138 14TH AVE NE
635359005,1013 3RD ST NE
635382010,138 15TH AVE NE
1003405004,611 14TH AVE SE
1003403005,519 UPPER TERRACE DR SE
1003403004,515 UPPER TERRACE DR SE
1003403003,511 UPPER TERRACE DR
1003403006,523 UPPER TERRACE DR SE
1003403001,501 TERRACE DR SE
1003403010,527 UPPER TERRACE DR SE
1003328009,407 TERRACE DR SE
1003402008,512 UPPER TERRACE DR
1003403009,531 UPPER TERRACE DR SE
1003328008,403 TERRACE DR SE
1003402001,500 UPPER TERRACE DR SE
1003402009,520 UPPER TERRACE DR SE
1003328007,307 TERRACE DRIVE SE
1003403015,535 UPPER TERRACE DR SE
1003402002,417 RIDGEVIEW DR SE
1003401004,408 TERRACE DR
1003402011,530 UPPER TERRACE DR SE
1003402003,413 RIDGEVIEW DR SE
1003401003,400 TERRACE DR SE
1003402004,409 RIDGEVIEW DR SE
1003329002,302 TERRACE DR SE
1003401005,420 RIDGEVIEW DR SE
1003328006,303 TERRACE DR SE
1003404007,401 14TH AVE SE
1003402012,534 UPPER TERRACE DR SE
1003403013,537 UPPER TERRACE
1003402005,405 RIDGEVIEW DR SE
1003401012,416 RIDGEVIEW DR SE
1003402006,401 RIDGEVIEW DR SE
1003401013,408 RIDGEVIEW DR SE
1003328005,235 TERRACE DR SE
1003402007,323 RIDGEVIEW DR SE
1003401001,230 TERRACE DR SE
1003401002,228 TERRACE DR SE
1003401009,404 RIDGEVIEW DR SE
1003254002,317 RIDGEVIEW DR SE
1003253001,226 TERRACE DR SE
1003253011,400 RIDGEVIEW DR SE
1003251009,203 TERRACE DR SE
1003255007,140 14TH AVE SE
1003182004,231 TERRACE DR SE
1003253002,220 TERRACE DR SE
1003253010,322 RIDGEVIEW DR SE
1003253003,216 TERRACE DR SE
1003182005,229 TERRACE DR SE
1003253009,318 RIDGEVIEW DR SE
1003182002,227 TERRACE DR SE
1003253004,210 TERRACE DR SE
1003253008,310 RIDGEVIEW DR SE
1003253005,206 TERRACE DR SE
1003255009,300 14TH AVE SE
1003251012,219 TERRACE DR SE
1003253007,1217 3RD ST SE
1003253006,1205 3RD ST SE
1003251011,215 TERRACE DR SE
1003255008,144 14TH AVE SE
1003252008,138 TERRACE DR SE
1003252016,139 14TH AVE SE
1003251008,141 TERRACE DR SE
1003255014,136 14TH AVE SE
1003251007,135 TERRACE DR SE
1003255013,132 14TH AVE SE
1003252007,132 TERRACE DR SE
1003252015,135 14TH AVE SE
1003251006,129 TERRACE DR SE
1003252014,129 14TH AVE SE
1003255004,126 14TH AVE SE
1003252006,128 TERRACE DR SE
1003252013,125 14TH AVE SE
1003251005,125 TERRACE DR SE
1003255003,124 14TH AVE SE
1003252005,124 TERRACE DR SE
1003252012,121 14TH AVE SE
1003251004,119 TERRACE DR SE
1003255002,120 14TH AVE SE
1003252004,120 TERRACE DR SE
1003252011,117 14TH AVE SE
1003251003,113 TERRACE DRIVE SE
1003252003,118 TERRACE DR SE
1003251002,111 TERRACE DR SE
1003252002,110 TERRACE DR SE
1003329001,236 TERRACE DR SE
1003181002,210 9TH AVE SE
1003181003, 1ST ST E
1003251001,105 TERRACE DR SE
1003252001,104 TERRACE DR SE
1003252009,1211 1ST ST E
1003252010,1217 1ST ST E
1003255001,1401 1ST ST E
1003255011,1511 1ST ST E
635382018,105 15TH AVE NE
635383015,1502 1ST ST E
635381023,1300 1ST ST  E
635382017,107 15TH AVE NE
635383014,106 15TH AVE NE
635380007,111 12TH AVE NE
635382008,1402 1ST ST E
635381020, 14TH AVE NE
635382016,111 15TH AVE NE
635383013,110 15TH AVE NE
635452008,1616 1ST STREET EAST
635381024,100 12TH AVE NE
635382007,108 14TH AVE NE
635381019,113 14TH AVE NE
635380006,201 12TH AVE NE
635362003,1015 2ND ST NE
635362004,1103 2ND ST NE
635362005,1109 2ND ST NE
635362006,1115 2ND ST NE
635363001,1100 1ST ST EAST
635382015,115 15TH AVE NE
635383012,116 15TH AVE NE
635382006,118 14TH AVE NE
635381013,198 12TH AVE NE
635380005,205 12TH AVE NE
635381018,119 14TH AVE NE
635381002,212 12TH AVE NE
635381005,200 12TH AVE NE
635382014,117 15TH AVE NE
635383011,118 15TH AVE NE
635382005,122 14TH AVE NE
635359011,1016 2ND ST NE
635380004,207 12TH AVE NE
635382013,123 15TH AVE NE
635381004,208 12TH AVE NE
635381017,123 14TH AVE NE
635382004,128 14TH AVE NE
635382012,127 15TH AVE NE
635383009, 15TH AVE NE
635359010,203 11TH AVE NE
635360005,1100 2ND ST NE
635360006,1100 2ND ST NE
635381003,210 12TH AVE NE
635380010,213 12TH AVE NE
635382011,131 15TH AVE NE
635383008,132 15TH AVE NE
635453013, ROBERTS CT
635360001,216 11TH AVE NE
635360002,1105 3RD ST NE
635383007,136 15TH AVE NE
635360003,1111 3RD ST NE
635360004,1113 3RD ST NE
635380008,1117 3RD ST NE
635381007,1303 3RD ST NE
635381008,1307 3RD ST NE
635381009,1313 3RD ST NE
635381010,139 14TH AVE NE
635382001,140 14TH AVE NE
635382009,142 15TH AVE NE
635383006,140 15TH AVE NE
635355005,309 11TH AVE NE
635377009,1412 3RD ST NE
635377003,308 14TH AVE NE
635451004, 3RD ST NE
635356004,1100 3RD ST NE
635452007,1600 1ST ST E
635376007,302 13TH AVE NE
635376010,1308 3RD ST NE
635376011,1314 3RD ST NE
635355008,307 11TH AVE NE
635356016,1200 3RD ST NE
635383001,144 15TH AVE NE
635377007,302 14TH AVE NE
635383002,1509 3RD ST NE
635383003,1515 3RD ST NE
635383004,1519 3RD ST NE
635383005,1603 3RD ST NE
635453001,212 17TH AVE NE
635453002,1703 3RD ST NE
635453003,1725-1739 3RD ST NE
635452004,1611 3RD ST NE
635377008,1408 3RD ST NE
635356003,308 11TH AVE NE
635356009,1110 /1112 3RD ST NE
635356010,1114 3RD ST NE
635356011,1116 3RD ST NE
635376003,306 13TH AVE NE
635356015,307 13TH AVE NE
635376006,309 14TH AVE NE
635328003,606 13TH AVE NE
635334001,1305 7TH ST NE
635401001,2052 215TH ST
635356002,310/312 11TH AVE NE
635356014,313 13TH AVE NE
635376002,310 13TH AVE NE
635376005,313 14TH AVE NE
635378008,1508 3RD ST NE
635377006,307 15TH AVE NE
635379004,1602 3RD ST NE
635378004,1504 3RD ST NE
635377002,312 14TH AVE NE
635355003,315 11TH AVE NE
635356001,1109 4TH ST NE
635362007,1016 1ST ST E
635356005,1113 4TH ST NE
635356006,1117 4TH ST NE
635356007,1119 4TH ST NE
635356008,1121 4TH ST NE
635356013,319 13TH AVE NE
635376001,318 13TH AVE NE
635376004,317 14TH AVE NE
635377001,316 14TH AVE NE
635377005,311 15TH AVE PL NE
635378007,307 16TH AVE NE
635379003,306 16TH AVE NE
635378003,308 15TH AVE NE
635330004,406 13TH AVE NE
635378006,311 16TH AVE NE
635379002,310 16TH AVE NE
635330005,400 13TH AVE NE
635384001,401 14TH AVE NE
635384010,400 14TH AVE NE
635312013,1210 4TH ST NE
635377004,313 15TH AVE PL NE
635378001,314 15TH AVE NE
635378002,312 15TH AVE NE
635378005,315 16TH AVE NE
635379001,314 16TH AVE NE
635451003,1700 3RD ST NE
635384002,405 14TH AVE NE
635308005,1010 4TH ST NE
635312005,400 11TH AVE NE
635312006,1106 4TH ST NE
635312007,1112 4TH ST NE
635312008,1118 4TH ST NE
635312009,1200 4TH ST NE
635312012,409 13TH AVE NE
635384011,406 14TH AVE NE
635384012,505 14TH AVE NE
635384013,509 14TH AVE NE
635330003,412 13TH AVE NE
635312011,413 13TH AVE NE
635384003,409 14TH AVE NE
635312014,1105 5TH ST NE
635312003,1113 5TH ST NE
635312004,1201 5TH ST NE
635312010,1211 5TH ST NE
635308002,415 11TH AVE NE
635330002,418 13TH AVE NE
635384004,415 14TH AVE NE
635384005,500 14TH AVE NE
635384016,506 14TH AVE NE
635384007,512 14TH AVE NE
635401003,410 16TH AVE NE
635384008,516 14TH AVE NE
635309004,1100 5TH ST NE
635309016,1212 5TH ST NE
635334008,503 15TH AVE NE
635335006,502 15TH AVE NE
635338006,502 16TH AVE NE
635403004,500 GREEN HAVEN CT
635336005,1303 QUILL CT NE
635336006,502 13TH AVE NE
635309003,506 11TH AVE NE
635309009,1106 5TH ST NE
635309010,1110 5TH ST NE
635309011,1200 5TH ST NE
635309012,1206 5TH ST NE
635335007,503 16TH AVE NE
635309002,512 11TH AVE NE
635403005,502 GREEN HAVEN CT
635336004,1305 QUILL CT NE
635334007,505 15TH AVE NE
635335005,504 15TH AVE NE
635309019,513 13TH AVE NE
635403006,504 GREEN HAVEN CT
635335008,505 16TH AVE NE
635334006,507 15TH AVE NE
635335004,506 15TH AVE NE
635309001,1101 6TH ST NE
635309005,1109 6TH ST NE
635309006,1113 6TH ST NE
635402001,1602 6TH ST NE
635402004,1608 6TH ST NE
635337004,600 16TH AVE NE
635315008,606 11TH AVE NE
635315007,1107 7TH ST NE
635315006,1111 7TH ST NE
635315009,1115 7TH ST NE
635332005,1201 7TH ST NE
635332008,1209 7TH ST NE
635332009,605 13TH AVE NE
635309007,1201 6TH ST NE
635309008,1207 6TH ST NE
635309013,1213 6TH ST NE
635336003,1306 QUILL CT NE
635338004,506 16TH AVE NE
635403001,505 GREEN HAVEN CT
635403007,506 GREEN HAVEN CT
635336001,514 13TH AVE NE
635336002,1304 QUILL CT NE
635334005,601 15TH AVE NE
635335003,600 15TH AVE NE
635335010,601 16TH AVE NE
635315002,1100 6TH ST NE
635315003,1106 6TH ST NE
635315004,1112 6TH ST NE
635328006,602 13TH AVE NE
635334004,603 15TH AVE NE
635335002,602 15TH AVE NE
635334002,1307 7TH ST NE
635335011,603 16TH AVE NE
635334003,605 15TH AVE NE
635335001,604 15TH AVE NE
635326006,1200 7TH ST NE
635326007,1208 7TH ST NE
635337002,1504 7TH ST NE
635327003,718 13TH AVE NE
635333001,1304 7TH ST NE
635333002,1306 7TH ST NE
635333003,1308 7TH ST NE
635333004,1500 7TH ST NE
635337001,1502 7TH ST NE
635313002,1100 7TH ST NE
635313001,1106 7TH ST NE
635313004,1112 7TH ST NE
635326009,705 13TH AVE NE
635327006,704 13TH AVE NE
635384014,513 14TH AVE NE
635332002,1200 6TH ST NE
635332003,1208 6TH ST NE
635332004,601 13TH AVE NE
1003255015,304 14TH AVE SE
1003255016,306 14TH AVE SE
635452011,1706 1ST ST E
635338005,504 16TH AVE NE
635327009, 8TH ST NE
635327008, 8TH ST NE
1003328015,615 14TH AVE SE
1003255018,308 14TH AVE SE
1003403002,507 UPPER TERRACE DR SE
1003405003, 14TH AVE SE
635403008,503 GREEN HAVEN CT
635402005,1604 6TH ST NE
635384015,517 14TH AVE NE
635335009,507 16TH AVE NE
635337003,602 16TH AVE NE
635326008,1212 7TH ST NE
635381015,133 14TH AVE NE
635381001,216 12TH AVE NE
635451001,1610 3RD ST NE
1003376004,811 8TH ST SE
1004416005,800 3RD AVE SW
1004330004,609 9TH AVE SW
1004403008,312 6TH ST SW
1004402006,507 4TH AVE SW
1004428001,402 3RD AVE SE
1004178017,217 6TH AVE SW
1003177012,824 3RD ST SE
1004327008,509 8TH AVE SW
1004328003,512 8TH AVE SW
1004428004,412 3RD AVE SE
1004328006,511 7TH AVE SW
1004329003,510 7TH AVE SW
1004404004,510 3RD AVE SW
1004329005,610 6TH ST SW
1004404011,208 6TH ST SW
1003177015,810 3RD ST SE
1003158004,702 3RD ST SE
1003177011,814 3RD ST SE
1004255005,214 6TH AVE SW
1004255007,215 5TH AVE SW
1004179009,904 3RD ST SW
1004179010,902 3RD ST SW
1004180008,213 8TH AVE SW
1003157009,600 3RD ST SE
1004280007, 3RD ST SE
1004477001,802 3RD AVE SE
1004341009,608 9TH ST SW
1004413005,500 9TH ST SW
1003377004,808 9TH AVE SE
1004415006,813 3RD AVE SW
1004414004,812 5TH AVE SW
1004413007,814 6TH AVE SW
1004340008,805 7TH AVE SW
1004340005,704 9TH ST SW
1004338006,811 9TH AVE SW
1004339002,810 9TH ST SW
1004339003,808 9TH ST SW
1004339006,815 8TH AVE SW
1004340009,812 8TH AVE SW
1004340010, 9TH ST SW
1004341003,614 9TH ST SW
1004341006,811 6TH AVE SW
1004436010,712 3RD AVE SE
1004415002,314 9TH ST SW
1003352001,701 8TH ST SE
1003377001,802 9TH AVE SE
1003376001,711 8TH ST SE
1004415005,809 3RD AVE SW
1003376002,721 8TH ST SE
1003376003,801 8TH ST SE
1003376005,821 8TH ST SE
1004413004,809 5TH AVE SW
1004338003,805 9TH AVE SW
1004416006,810 3RD AVE SW
1004339005,805 8TH AVE SW
1004340007,801 7TH AVE SW
1004436008,304 8TH ST SE
1004436009,312 8TH ST SE
1004338001,909 8TH ST SW
1004338002,801 9TH AVE SW
1004339007,806 9TH AVE SW
1004340001,713 8TH ST SW
1004340003,705 8TH ST SW
1004341001,617 8TH ST SW
1004341002,609 8TH ST SW
1004341005,801 6TH AVE SW
1004413003,801 5TH AVE SW
1004414001,800 5TH AVE SW
1004415001,800 4TH AVE SW
1004415003,311 8TH ST SW
1004415004,801 3RD AVE SW
1004416008,209 8TH ST SW
1004416004, 8TH ST SW
1004413006,806 6TH AVE SW
1003307004,720 7TH AVE SE
1003330003,721 8TH AVE SE
1003331007,800 8TH ST SE
1003331010,812 8TH ST SE
1004436001,702 3RD AVE SE
1004436002,307 7TH ST SE
1004436003,313 7TH ST SE
1004436004,317 7TH ST SE
1004334007,715 9TH AVE SW
1004335007,715 8TH AVE SW
1003307003,710 7TH AVE SE
1003331006,710 8TH AVE SE
1003331009,711 9TH AVE SE
1003330002,711 8TH AVE SE
1004411004,714 4TH AVE SW
1004411008,715 3RD AVE SW
1004334003,912 8TH ST SW
1004334004,910 8TH ST SW
1004334006,705 9TH AVE SW
1004335003,806 8TH ST SW
1004335006,711 8TH AVE SW
1004336003,712 8TH ST SW
1004336004,710 8TH ST SW
1004336010,704 8TH ST SW
1004336007,608 8TH ST SW
1004336008,604 8TH ST SW
1004336009,600 8TH ST SW
1004409005,713 5TH AVE SW
1004410004,711 4TH AVE SW
1003331005,700 8TH AVE SE
1004411003,708 4TH AVE SW
1003307002,700 7TH AVE SE
1004412005,712 3RD AVE SW
1003330001,701 8TH AVE SE
1004412006,206 8TH ST SW
1004412007,200 8TH ST SW
1003332002,700 9TH AVE SE
1003332003,718 9TH AVE SE
1004335005,707 8TH AVE SW
1004435005,612 3RD AVE SE
1004435007,314 7TH ST SE
1004435008,603 4TH AVE SE
1004411002,706 4TH AVE SW
1004412002,706 3RD AVE SW
1003331004,613 9TH AVE SE
1004409001,515 7TH ST SW
1004409006,505 7TH ST SW
1004409007,501 7TH ST SW
1004410001,415 7TH ST SW
1004410002,411 7TH ST SW
1004410003,703 4TH AVE SW
1004411001,313 7TH ST SW
1004411006,703 3RD AVE SW
1004412001,700 3RD AVE SW
1004412003,209 7TH ST SW
1004412004,205 7TH ST SW
1004435001,602 3RD AVE SE
1004435002,309 6TH ST SE
1004435010, 6TH ST SE
1004435009,315 6TH ST SE
1004435004,319 6TH ST SE
1003307001,518 7TH AVE SE
1003331002,720 7TH ST SE
1003306001,602 4TH AVE SE
1003331001,800 7TH ST SE
1003331003,513 9TH AVE SE
1003332001,600 9TH AVE SE
1004330005,613 9TH AVE SW
1004331007,611 8TH AVE SW
1004332006,615 7TH AVE SW
1004333004,612 7TH AVE SW
1004408007,204/206 7TH ST SW
1004431006,214 6TH ST SE
1004431010,515 3RD AVE SE
1004331008,608 9TH AVE SW
1004331006,609 8TH AVE SW
1004432004,514 3RD AVE SE
1004332003,608 8TH AVE SW
1004333003,608 7TH AVE SW
1004429003,612 2ND AVE SW
1004333007,611 6TH AVE SW
1004406009,610 5TH AVE SW
1003326018,515 9TH AVE SE
1004405003,610 6TH AVE SW
1004405007,609 5TH AVE SW
1004406004,410 7TH ST SW
1004432011,320 6TH ST SE
1004406006,611 4TH AVE SW
1003328011, 9TH AVE SE
1004332008,609 7TH AVE SW
1003304008,512 7TH AVE SE
1004408004,608 3RD AVE SW
1004408006,611 2ND AVE SW
1004431004,516 2ND AVE SE
1004431005,208 6TH ST SE
1004431009,511 3RD AVE SE
1004331002,606 9TH AVE SW
1004432003,508 3RD AVE SE
1004432008,306 6TH ST SE
1004432009,314 6TH SE
1004333006,607 6TH AVE SW
1004432010,509 4TH AVE SE
1003305003,512 4TH AVE SE
1004405002,606 6TH AVE SW
1003305004,410 6TH ST SE
1004405006,605 5TH AVE SW
1004429002,610 2ND AVE SW
1004406008,604 5TH AVE SW
1004432002,506 3RD AVE SE
1003304007,508 7TH AVE SE
1004330002,603 9TH AVE SW
1003301006,411 5TH AVE SE
1004431008,507 3RD AVE SE
1004331001,813 6TH ST SW
1004331004,805 6TH ST SW
1004331005,601 8TH AVE SW
1004332001,602 8TH AVE SW
1003326015,509 9TH AVE SE
1004332002,711 6TH ST SW
1004332007,703 6TH ST SW
1004333001,613 6TH ST SW
1004333002,609 6TH ST SW
1004333005,601 6TH AVE SW
1003327006,514 9TH AVE SE
1003327008,516 9TH AVE SE
1004405001,602 6TH AVE SW
1004405005,603 5TH AVE SW
1004406001,600 5TH AVE SW
1004406005,601 4TH AVE SW
1004408008,602 3RD AVE SW
1004408009,209 6TH ST SW
1004408003,203 6TH ST SW
1004429001,600 2ND AVE SW
1004430001,501 2ND AVE SE
1004431001,203 5TH ST SE
1004431002,207 5TH ST SE
1004431003,213 5TH ST SE
1004431007,215 5TH ST SE
1004432001,301 5TH ST SE
1004432005,309 5TH ST SE
1004432006,311 5TH ST SE
1004432007,319 5TH ST SE
1003304006,504 7TH AVE SE
1003305001,500 4TH AVE SE
1003305002,407 5TH ST SE
1003326014,505 9TH AVE SE
1003306002,609 5TH ST SE
1004327005,810 6TH ST SW
1004327009,513 8TH AVE SW
1004328007,515 7TH AVE SW
1004329004,612 6TH ST SW
1004329006,606 6TH ST SW
1004401007,514 6TH AVE SW
1004329009,600 6TH ST SW
1004404005,514 3RD AVE SW
1004402008,515 4TH AVE SW
1004404012,200 6TH ST SW
1004403012,300 6TH ST SW
1003304005,500 7TH AVE SE
1004403011,304 6TH ST SW
1003326013,501 9TH AVE SE
1003327004,500 9TH AVE SE
1004427012,415 3RD AVE SE
1004426004,512 2ND AVE SW
1004326007,511 9TH AVE SW
1004326004,918 6TH ST SW
1004326008,912 6TH ST SW
1004327004,508 9TH AVE SW
1004329008,511 6TH AVE SW
1004401006,510 6TH AVE SW
1004401008,510 6TH ST SW
1004401009,511 5TH AVE SW
1004403007,511 3RD AVE SW
1003304004,414 7TH AVE SE
1003301004,400 5TH ST SE
1004402003,514 5TH AVE SW
1004404009,511 2ND AVE SW
1004402007,511 4TH AVE SW
1003303008,413 7TH AVE SE
1003326020,412 8TH AVE SE
1004403004,508 4TH AVE SW
1003326019,423 9TH AVE SE
1004427006,100 5TH ST SE
1003326012,421 9TH AVE SE
1004426003,508 2ND AVE SW
1004427007,200 5TH ST SE
1004427008,206 5TH ST SE
1004328002,504 8TH AVE SW
1003327003,422 9TH AVE SE
1004427009,210 5TH ST SE
1004327010,506 9TH AVE SW
1004427010,212 5TH ST SE
1004326011,507 9TH AVE SW
1004403005, 6TH ST SW
1004427011,411 3RD AVE SE
1004404003,508 3RD AVE SW
1004327007,507 8TH AVE SW
1004428010,316 5TH ST SE
1004328005,507 7TH AVE SW
1004401005,505 5TH AVE SW
1003301003,408 4TH AVE SE
1004402002,506 5TH AVE SW
1004404008,507 2ND AVE SW
1003303010,514 6TH AVE SE
1003301002, 4TH AVE SE
1004426002,506 2ND AVE SW
1004428002,404 3RD AVE SE
1004326013,913 5TH ST SW
1004326010,501 9TH AVE SW
1004327001,815 5TH ST SW
1004327006,501 8TH AVE SW
1004328001,502 8TH AVE SW
1004328004,701 5TH ST SW
1004329001,500 7TH AVE SW
1004329002,609 5TH ST SW
1004329007,501 6TH AVE SW
1004401001,500 6TH AVE SW
1004401002,509 5TH ST SW
1003326003,408-410 8TH AVE SE
1004401003,501 5TH AVE SW
1003304010,410 7TH AVE SE
1004402001,415 5TH ST SW
1004402004,407 5TH ST SW
1004402005,501 4TH AVE SW
1004403001,500 4TH AVE SW
1004403002,309 5TH ST SW
1004403003,501 3RD AVE SW
1004404001,502 3RD AVE SW
1004404002,209 5TH ST SW
1004404007,501 2ND AVE SW
1003326011,419 9TH AVE SE
1004427001,201 4TH ST SE
1004426005,500 2ND AVE SW
1004427002,205 4TH ST SE
1004427003,207 4TH ST SE
1004427005,403 3RD AVE SE
1003327002,418 9TH AVE SE
1004428005,307 4TH ST SE
1004428006,311 4TH ST SE
1004428007,319 4TH ST SE
1003301001,401 4TH ST SE
1003304002,402 7TH AVE SE
1003301005,403 5TH AVE SE
1003302001,402 5TH AVE SE
1003302002,507 4TH ST SE
1003302003,513 4TH ST SE
1003302004,519 4TH ST SE
1003303001,402 6TH AVE SE
1003303002,607 4TH ST SE
1003303003,611 4TH ST SE
1003303004,615 4TH ST SE
1003328014, TERRACE DR
1003303005,403 7TH AVE SE
1004187007,409 8TH AVE SW
1003326002,404 8TH AVE SE
1003326010,417 9TH AVE SE
1004263003,406 6TH AVE SW
1003327001,416 9TH AVE SE
1004264004,412 5TH ST SW
1004264005,408 5TH ST SW
1004186004,912 5TH ST SW
1004186005,910 5TH ST SW
1004186006,409 9TH AVE SW
1004264006,407 4TH AVE SW
1004187008,812 5TH ST SW
1004187006,405 8TH AVE SW
1004188003,714 5TH ST SW
1004188004,700 5TH ST SW
1004189004,614 5TH ST SW
1004189005,407 6TH AVE SW
1004265005,407 3RD AVE SW
1004265003,404 4TH AVE SW
1004265004,312 5TH ST SW
1003328001,520 9TH AVE SE
1003326001,400 8TH AVE SE
1004266003,208 5TH ST SW
1003326009,413 9TH AVE SE
1004266004,405 2ND AVE SW
1003180003,412 9TH AVE SE
1003162006,318 7TH AVE SE
1004285007,318 3RD AVE SE
1004263001,513 4TH ST SW
1004263002,509 4TH ST SW
1004285008,317 4TH AVE SE
1004263004,505 4TH ST SW
1004263005,405 5TH AVE SW
1004284003,208 4TH ST SE
1004264001,415 4TH ST SW
1003160004,504 4TH ST SE
1003159005,318 4TH AVE SE
1004264002,407 4TH ST SW
1003160005,508 4TH ST SE
1004264003,403 4TH AVE SW
1004186001,913 4TH ST SW
1004186002,909 4TH ST SW
1004186003,403 9TH AVE SW
1004284002,200 4TH ST SE
1004187001,813 4TH ST SW
1004187009,809 4TH ST SW
1003160012,319 6TH AVE SE
1004265001,402 4TH AVE SW
1004188001,402 8TH AVE SW
1004265002,401 3RD AVE SW
1003161004,318 6TH AVE SE
1004189001,615 4TH ST SW
1004189002,611 4TH ST SW
1004189003,401 6TH AVE SW
1003179004,409 9TH AVE SE
1004266001,215 4TH ST SW
1004266002,401 2ND AVE SW
1003159009,315 5TH AVE SE
1004283001,402 2ND AVE SW
1003180002,404 9TH AVE SE
1003162005,316 7TH AVE SE
1004284006,313 3RD AVE SE
1004285005,312 3RD AVE SE
1004285006,313 4TH AVE SE
1003181014,316 9TH AVE SE
1003159004,312 4TH AVE SE
1003159008,311 5TH AVE SE
1004280008,200 3RD ST SE
1003157010,606 3RD ST SE
1004280009,208 3RD ST SE
1003157011,608 3RD ST SE
1003157012,614 3RD ST SE
1004280011,211 3RD AVE SE
1003157013,618 3RD ST SE
1004281003,216 3RD AVE SE
1004281004,308 3RD ST SE
1004281006,217 4TH AVE SE
1004281005,211 4TH AVE SE
1003156003,210 5TH AVE SE
1003156007,506 3RD ST SE
1003156008,512 3RD ST SE
1003156011,213 6TH AVE SE
1004256003,214 5TH AVE SW
1004256004,410 3RD ST SW
1004257003,310 3RD ST SW
1004179006,910 3RD ST SW
1003160006,512/514 4TH ST SE
1003160011,315 6TH AVE SE
1003161003,310 6TH AVE SE
1003161010,604 4TH ST SE
1003179001,314 8TH AVE SE
1003179002,807 4TH ST SE
1003161015,610 4TH ST SE
1003161013,620 4TH ST SE
1003179007,401 9TH AVE SE
1003161014,622 4TH ST SE
1004185008,608 4TH ST SW
1003180001,315 9TH AVE SE
1003162004,310 7TH AVE SE
1004185003,610 4TH ST SW
1004182009,912 4TH ST SW
1003160003,310 5TH AVE SE
1004183007,313 8TH AVE SW
1004261007,300 4TH ST SW
1004284005,309 3RD AVE SE
1004260008,313/315 4TH AVE SW
1004262004,314 3RD AVE SW
1003181009,314 9TH AVE SE
1003160010,311 6TH AVE SE
1004285003,304 3RD AVE SE
1003159003,308 4TH AVE SE
1003159007,307 5TH AVE SE
1004185006,311 6TH AVE SW
1003161002,308 6TH AVE SE
1003161009,307 7TH AVE SE
1003162003,306 7TH AVE SE
1004259003,314 6TH AVE SW
1004259007,504 4TH ST SW
1004259008,500 4TH ST SW
1004260003,412 4TH ST SW
1004260004,408 4TH ST SW
1004183003,812 4TH ST SW
1004183006,309 8TH AVE SW
1004260007,311 4TH AVE SW
1004184005,716 4TH ST SW
1004184006,710 4TH ST SW
1004184007,706 4TH ST SW
1003159002,302 4TH AVE SE
1004184008,700 4TH ST SW
1004261004,312 4TH AVE SW
1004261005,310 4TH ST SW
1003160002,304 5TH AVE SE
1004261006,311 3RD AVE SW
1004262003,310 3RD AVE SW
1004262008,206 4TH ST SW
1004262009,315 2ND AVE SW
1003178007,309 9TH AVE SE
1004282004,312 2ND AVE SW
1004284001,201 3RD ST SE
1004259006,305 5TH AVE SW
1004284004,301 3RD AVE SE
1004259002,306 6TH AVE SW
1004285001,302 3RD AVE SE
1004285002,309 3RD ST SE
1004285004,317 3RD ST SE
1003159001,300 4TH AVE SE
1004182005,307 9TH AVE SW
1004183005,307 8TH AVE SW
1003159006,409 3RD ST SE
1003160001,503 3RD ST SE
1003160007,509 3RD ST SE
1003160008,513 3RD ST SE
1004260006,305 4TH AVE SW
1004262002,306 3RD AVE SW
1003160009,519 3RD ST SE
1003161001,601 3RD ST SE
1003161017, 3RD ST SE
1003161006,615 3RD ST SE
1003161007,619 3RD ST SE
1003161008,301 7TH AVE SE
1004185002,307 6TH AVE SW
1003162008,709 3RD ST SE
1004282002,302 2ND AVE SW
1003178001,801 3RD ST SE
1003178002,805 3RD ST SE
1003178003,811 3RD ST SE
1003178004,815 3RD ST SE
1003178005,819 3RD ST SE
1003178006,825 3RD ST SE
1004182001,909 3RD ST SW
1004182004,301 9TH AVE SW
1004259001,511 3RD ST SW
1004183001,304 9TH AVE SW
1004259004,505 3RD ST SW
1004183002,809 3RD ST SW
1004259005,301 5TH AVE SW
1004183004,303 8TH AVE SW
1004184001,300 8TH AVE SW
1004260001,415 3RD ST SW
1004184002,713 3RD ST SW
1004260002,409 3RD ST SW
1004184003,709 3RD ST SW
1004184004,705 3RD ST SW
1004260005,301 4TH AVE SW
1004185001,301 6TH AVE SW
1004261001,311 3RD ST SW
1004261002,305 3RD ST SW
1004261003,301 3RD AVE SW
1004262001,300 3RD AVE SW
1004262010,301 2ND AVE SW
1004282001,300 2ND AVE SW
1003181011,300 9TH AVE SE
1003181013,311 9TH AVE SE
1004335004,705 8TH AVE SW
1004336001,702 8TH AVE SW
1004337001,613 7TH ST SW
1004337002,605 7TH ST SW
1004337003,703 6TH AVE SW
1004409002,509 7TH ST SW
1004280012,219 3RD AVE SE
1003156012,518 3RD ST SE
1004179004,912 3RD ST SW
1004179007,906 3RD ST SW
1004179008,211 9TH AVE SW
1003181012,218 9TH AVE SE
1004180005,212 9TH AVE SW
1004180006,812 3RD ST SW
1004255004,210 6TH AVE SW
1003158007,708 3RD ST SE
1003158003,208 7TH AVE SE
1004180007,209 8TH AVE SW
1004255006,209 5TH AVE SW
1003158008,710 3RD ST SE
1003177008,800 3RD ST SE
1004181006,212 8TH AVE SW
1003177016,804 3RD ST SE
1004256005,408 3RD ST SW
1004181008,706 3RD ST SW
1004256006,215 4TH AVE SW
1004181009,207 7TH AVE SW
1004178009,210 7TH AVE SW
1004178016,209 6TH AVE SW
1004257007,215 3RD AVE SW
1003157008,209 7TH AVE SE
1004258004,214 3RD AVE SW
1004258006,215 2ND AVE SW
1003157007,208 6TH AVE SE
1003156002,208 5TH AVE SE
1004258005,209 2ND AVE SW
1004280010,207 3RD AVE SE
1004257002,206 4TH AVE SW
1004333008,615 6TH AVE SW
1004405004,512 7TH ST SW
1004405008,615 5TH AVE SW
1004406007,404 7TH ST SW
1004430004,517 2ND AVE SE
1003304009,514 7TH AVE SE
1004408005,612 3RD AVE SW
1003156010,211 6TH AVE SE
1004180004,207 8TH AVE SW
1003157006,204 6TH AVE SE
1004181005,206 8TH AVE SW
1003181004,214 9TH AVE SE
1003158002,206 7TH AVE SE
1004257006,207 3RD AVE SW
1003162007,300 7TH AVE SE
1004179011,909 2ND ST SW
1004280003,205 2ND ST SE
1004280004,209 2ND ST SE
1004280005,215 2ND ST SE
1004280006,201 3RD AVE SE
1003177006,209 9TH AVE SE
1004179003,203 9TH AVE SW
1004281001,301 2ND ST SE
1004281002,313 2ND ST SE
1004180001,815 2ND ST SW
1004180002,811 2ND ST SW
1004255001,202 6TH AVE SW
1004180003,201 8TH AVE SW
1004255003,501 2ND ST SW
1003156001,202 5TH AVE SE
1003156006,511 2ND ST SE
1003156009,201 6TH AVE SE
1004256002,403 2ND ST SW
1004181003,707 2ND ST SW
1004181004,203 7TH AVE SW
1003157001,200 6TH AVE SE
1003157002,607 2ND ST SE
1004257001,313 2ND ST SW
1004257004,305 2ND ST SW
1003157003,611 2ND ST SE
1004257005,201 3RD AVE SW
1003157004,615 2ND ST SE
1003157005,617 2ND ST SE
1004258001,215 2ND ST SW
1004258002,209 2ND ST SW
1004279001,206 2ND AVE SW
1003158001,200 7TH AVE SE
1004258003,203 2ND AVE SW
1003158005,707 2ND ST SE
1003158006,713 2ND ST SE
1003177001,717 2ND ST SE
1003177002,721 2ND ST SE
1004252009,115 4TH AVE SW
1004178004,112 8TH AVE SW
1004178013,113 6TH AVE SW
1004277030,131 3RD AVE SE
1004251008,115 5TH AVE SW
1003152003,502 2ND ST SE
1004277028,228 2ND ST SE
1004277029,214 2ND ST SE
1004178012,109 6TH AVE SW
1004252004,412 2ND ST SW
1003177003,800 2ND ST SE
1003151009,121 5TH AVE SE
1004254005,214 2ND ST SW
1003151005,124/126 4TH AVE SE
1004176005,912 2ND ST SW
1004277024,210 2ND ST SE
1004176006,111 9TH AVE SW
1004178003,108 8TH AVE SW
1004277027,125 3RD AVE SE
1004177005,814 2ND ST SW
1003153004,600 2ND ST SE
1004278018,124 3RD AVE SE
1004278020,306 2ND ST SE
1003152011,119 6TH AVE SE
1004177006,111 8TH AVE SW
1003154005,118 7TH AVE SE
1004276005,124 2ND AVE SW
1004251003,514 2ND ST SW
1004251004,510 2ND ST SW
1003153013,117 7TH AVE SE
1004253005,314 2ND ST SW
1004252003,108 5TH AVE SW
1004277023,206 2ND ST SE
1004178005,710 2ND ST SW
1004252005,410 2ND ST SW
1004178006,708 2ND ST SW
1004252008,109 4TH AVE SW
1004253006,308 2ND ST SW
1004253007,304 2ND ST SW
1004401004,504 6TH AVE SW
1004403006,509 3RD AVE SW
1004428003,408 3RD AVE SE
1004428008,308 5TH ST SE
1004428009,310 5TH ST SE
1004277010,121 1ST ST E
1004277012,203 1ST ST E
1004253008,302 2ND ST SW
1004277026,117 3RD AVE SE
1004254004,110 3RD AVE SW
1004254006,208 2ND ST SW
1003151004,118 4TH AVE SE
1003151008,115 5TH AVE SE
1003152002,112 5TH AVE SE
1003152006,506 2ND ST SE
1003152010,115 6TH AVE SE
1003153003,112 6TH AVE SE
1003153008,608 2ND ST SE
1004276004,112 2ND AVE SW
1003153009,612 2ND ST SE
1003153012,113 7TH AVE SE
1004251006,105 5TH AVE SW
1003154004,112 7TH AVE SE
1004252002,106 5TH AVE SW
1004255002,507 2ND ST SW
1003154007,714 2ND ST SE
1004253002,104 4TH AVE SW
1004176002,915 1ST ST W
1004252007,107 4TH AVE SW
1004278008,110 3RD AVE SE
1004176003,913 1ST ST W
1004176004,103 9TH AVE SW
1004177001,813 1ST W
1004177002,809 1ST ST W
1004177007,807 1ST ST W
1004178001,719 1ST ST W
1004178002,709 1ST ST WEST
1003152005,509 1ST ST E
1003151012,415 1ST ST E
1003153002,106 6TH AVE SE
1004178010,601 1ST ST W
1004251001,515 1ST ST W
1004251002,511 1ST ST W
1004251005,103 5TH AVE SW
1004253001,313 1ST ST WEST
1004253011,309 1ST ST W
1004253010,305 1ST ST W
1003154003,106 7TH AVE SE
1004254001,223 1ST ST W
1004254002,221 1ST ST W
1004427004,211 4TH ST SE
1004254008,219 1ST ST WEST
1004254009,215 1ST ST W
1004276006,101 1ST ST W
1004277003,105 1ST ST E
1004277004,107 1ST ST E
1004277005,111 1ST ST E
1004277006,113 1ST ST E
1004277007,115 1ST ST E
1004277008,117 1ST ST E
1004277009,119 1ST ST E
1004277010,121 1ST ST E
1004277011,201 1ST ST E
1004277012,203 1ST ST E
1004277013,205 1ST ST E
1004277014,209 1ST ST E
1004277015,211 1ST ST E
1004277016,213 1ST ST E
1004277017,217 1ST ST E
1004277018,217 1ST ST E
1004277019,221 1ST ST E
1004277020,231 1ST ST E
1004278001,301 1ST ST E
1004278002,311 1ST ST E
1004278003,313 1ST ST E
1004278004,315 1ST ST E
1004278005,317 1ST ST E
1004278006,323 1ST ST E
1004278019,331 1ST ST E
1003151001,401 1ST ST E
1003152001,501 1ST ST E
1003152004,513 1ST ST E
1003152007,519 1ST ST EAST
1003152009,109 6TH AVE SE
1003153001,601 1ST ST E
1003153005,605/607 1ST ST E
1003153006,611 1ST ST E
1003153007,613 1ST ST E
1003153010,617 1ST ST E
1003154001,701 1ST ST E
1003154002,707 1ST ST E
1004284007,319 3RD AVE SE
1003154006,713 1ST ST E
1003176001, 1ST ST E
1003176005,801 1ST ST E
1003181001,901 1ST ST E
1003181002,210 9TH AVE SE
1003176006,805 1ST ST E
1003176007,819 1ST ST E
1003156004,218 5TH AVE SE
1004181007,710 3RD ST SW
1003156005,509 2ND ST SE
1004181001,200 8TH AVE SW
1004256001,415 2ND ST SW
1003177004,201 9TH AVE SE
1004278017,316 2ND ST SE
1004252001,413 1ST ST W
1004252006,401 1ST ST W
1003153011,111 7TH AVE SE
1004178020,205 6TH AVE SW
1004178018,200 7TH AVE SW
1004178019,201/203 6TH AVE SW
1003304011,404 7TH AVE SE
1003177018,215 9TH AVE SE
1004341008,815 6TH AVE SW
1004283004,406 2ND AVE SW
1003161016,607 3RD ST SE
1004182008,908 4TH ST SW
1003177019, 3RD ST SE
1003177020,812 3RD ST SE
1004331009,610 9TH AVE SW
1004280016,201 2ND ST SE
1004280014,203 2ND ST SE
1004178023,609 1ST ST W
1004178022,609 1ST ST W
1003151013,114 4TH AVE SE
1003328015,615 14TH AVE SE
1004185009,315 6TH AVE SW
1004187010,403 8TH AVE SW
1003308002,418 5TH AVE SE
1003308009,501 6TH AVE SE
1003303011, 5TH ST SE
1003176002,717 1ST ST E
1003176008, 2ND ST SE
1003176004,718 2ND ST SE
1003176003,716 2ND ST SE
1003308007,517 6TH AVE SE
1003309001,500 6TH AVE SE
1003309002,508 6TH AVE SE
1003308012,411 6TH AVE SE
1003308001,410 5TH AVE SE
1003308011,419 6TH AVE SE
1003308003,450 5TH AVE SE
1003308004,500 5TH AVE SE
1003308005,508 5TH AVE SE
1003308006,516 5TH AVE SE
1003308008,509 6TH AVE SE
1003308010,449 6TH AVE SE
1003303014,606 5TH ST SE
1003303013,610 5TH ST SE
1004430005,507 2ND AVE SE
1004182010,311 9TH AVE SW
1004338004,916/918 9TH ST SW
1004338008,910 9TH ST SW
1004339008,801 8TH AVE SW
1004411007,711 3RD AVE SW
1003331008,701 9TH AVE SE
1003304001,400 7TH AVE SE
1003159010,317 5TH AVE SE
1004178011,105 6TH AVE SW
1004335001,700 9TH AVE SW
1004188002,709 4TH ST SW
1004181002,713 2ND ST SW
1004254007,204 2ND ST SW
1004254010,201 1ST ST W
1010200001,2017 THREE ELMS PARK RD
1004388010,1112 DAVID DR SW
1003377011,814 9TH AVE SE
1003376004,811 8TH ST SE
1009206007,403 MATTHEW ST
1009204003,1501 KELLIE AVE
1009252007,1605 CARRIE AVENUE
1009206008,405 MATTHEW ST
1009304001,805 PINE DR
1009304002,803 PINE DR
1009304013,801 PINE DR
1009403006,402 ENTERPRISE CT SW
1009403005,400 ENTERPRISE CT SW
1009302008,804 PINE DR
1009403004,304 ENTERPRISE CT SW
1009403003,302 ENTERPRISE CT SW
1009403007,505-507 ENTERPRISE CT SW
1009302007,802 PINE DR
1009403010,300 ENTERPRISE CT SW
1009302006,800 PINE DR
1009304011,703 PINE DR
1009302001,807 JUNIPER DR
1009302005,704 PINE DR
1009302002,805 JUNIPER DR
1009304007,605 PINE DR
1009303003,702 PINE DR
1009304009,601 PINE DR
1009401002,505 ENTERPRISE DR SW
1009403008,501-503 ENTERPRISE CT SW
1009402001,405 ENTERPRISE DR SW
1009402002,401 ENTERPRISE DR SW
1009402003,307 ENTERPRISE DR SW
1009303004,700 PINE DR
1009402004,305 ENTERPRISE DR SW
1009403009,2002-2016 ENTERPRISE CT SW
1009303005,606 PINE DR
1009400020,2349 JAMESTOWN AVE
1009303002,707 JUNIPER DR
1009301002,802 JUNIPER DR
1009101001,800 JUNIPER DR
1009103006,602 PINE DR
1009103005,600 PINE DR
1009103001,703 JUNIPER DR
1009103002,701 JUNIPER DR
1009102001,706 JUNIPER DR
1009103003,603 JUNIPER DR
1009103004,601 JUNIPER DR
1009102002,704 JUNIPER DR
1009102003,702 JUNIPER DR
1009102004,700 JUNIPER DR
1009102005,604 JUNIPER DR
1009102006,602 JUNIPER DR
1009102007,600 JUNIPER DR
1009276016,2347 JAMESTOWN AVE
1010151020,701 17TH ST SE
1010151003,1810 3RD AVE SE
1009302004,801 JUNIPER DR
1010151015,513 17TH ST SE
1010151002,1800 3RD AVE SE
1009276018,2339 JAMESTOWN AVE
1009276004,2331 JAMESTOWN AVE
1010151023,501 17TH ST SE
1010151010,515 17TH ST SE
1010151016,601 17TH ST SE
1010151008,701 17TH ST SE
1009204002,1502 6TH AVE SW
1009100004,2333 JACKSON AVE
1009276002,2327 JAMESTOWN AVE SW
1009276003,2329 JAMESTOWN AVE
1009204001,1500 6TH AVE SW
1009227017,2325 JAMESTOWN AVE
1009227018,2323 JAMESTOWN AVE
1009203005,1408 6TH AVE SW
1010102005,1600 3RD AVE SE
1009203004,1406 6TH AVE SW
1009227011,2321 JAMESTOWN AVE
1009203003,1404 6TH AVE SW
1009227010,2319 JAMESTOWN AVE
1009203002,1402 6TH AVE SW
1009203001,1400 6TH AVE SW
1010200007,2044 /2046 THREE ELMS PARK RD
1009209003,1402 KELLIE AVE
1010200014,2018 THREE ELMS PARK RD
1010127008, THREE ELMS RD
1010127002,1998 THREE ELMS PARK RD
1010102020,1990 THREE ELMS PARK RD
1010102019,1400 3RD AVE SE
1009202002, LOVERS LANE BLVD
1009227006,1948 LOVERS LANE BLVD
1009202004,1942 LOVERS LANE BLVD SW
1009227015,1952 LOVERS LANE BLVD
1009227001,1944 LOVERS LANE BLVD
1009227002,1946 LOVERS LANE BLVD
1009227019,1950 LOVERS LANE BLVD SW
1009227004,1954 LOVERS LANE BLVD
1009201001, 6TH AVE SW
1009227005, 3RD AVE SE
1010101001,1200 3RD AVE SE
1010101002,1975 THREE ELMS PARK RD
1004381004,912 BLAND BLVD
1004381005,906 BLAND BLVD SW
1010101003,1981 THREE ELMS PARK RD
1004381006,902 BLAND BLVD SW
1010101004,1989 THREE ELMS PARK RD
1010126001,1993 THREE ELMS PARK RD
1010126002,1997 THREE ELMS PARK RD
1010126003,1999 THREE ELMS PARK RD
1010126004,2003 THREE ELMS PARK RD
1003353002,1108 3RD AVE SE
1010126006,2007 THREE ELMS PARK RD
1004381003,1115 9TH AVE SW
1004382003,728/730 BLAND BLVD
1004382004,726 BLAND BLVD SW
1004383001, BLAND BLVD SW
1004381002,1111 9TH AVE SW
1004382005,724 BLAND BLVD SW
1004382002,1114 9TH AVE SW
1004381001,1107 9TH AVE SW
1004384009,615 BLAND BLVD SW
1004384011,607 BLAND BLVD SW
1004381007, 9TH AVE SW
1004382001,1108 9TH AVE SW
1004382006,722 BLAND BLVD SW
1004384010,613 BLAND BLVD SW
1004388009,1108 DAVID DR SW
1004382008,720 BLAND BLVD SW
1004384011,607 BLAND BLVD SW
1004388008,1106 DAVID DR SW
1004382007,709 10TH ST PLACE SW
1004382009,712 BLAND BLVD SW
1004382010,706 BLAND BLVD SW
1004382011,1029 7TH AVE SW
1004384012,601 BLAND BLVD SW
1004351006,1879 BLAND BLVD
1004385009,1103 9TH AVE SW
1004386006,1102 9TH AVE SW
1004351003, BLAND BLVD
1004387001,1105 DAVID DR SW
1004478001,220 LOVERS LANE SE
1004385008,1101 9TH AVE SW
1004380005,614 BLAND BLVD SW
1004386005,1100 9TH AVE SW
1004388006,1100 DAVID DR SW
1004386004,1012 9TH AVE SW
1004387002,1101 DAVID DR SW
1004380017,610 BLAND BLVD SW
1004380012,1019 6TH AVE SW
1004379009,710 10TH ST PLACE  SW
1004379011,1019 7TH AVE SW
1004380016,1019 6TH AVE SW
1004385007,1013 9TH AVE SW
1004379015,1017 7TH AVE SW
1004387003,1013 DAVID DR SW
1004476007,915 3RD AVE SE
1004388005,1012 DAVID DR SW
1004380013,1018 7TH AVE SW
1004380010,1015 6TH AVE SW
1004379014,1015 7TH AVE SW
1004385006,1009 9TH AVE SW
1004386003,1008 9TH AVE SW
1004453002,507 10TH ST SW
1004453003,501 10TH ST SW
1004453001,1002 6TH AVE SW
1004388004,1008 DAVID DR SW
1004379004,1011 7TH AVE SW
1004380009,1011 6TH AVE SW
1004453008,1020 6TH AVE SW
1004385005,1005 9TH AVE SW
1004386002,1004 9TH AVE SW
1004380008,1007 6TH AVE SW
1004388003,1004 DAVID DR SW
1009304008,603 PINE DR
1003353001,1000 3RD AVE SE
1004387005,1005 DAVID DR SW
1004377001,901 7TH AVE SW
1004379001,1003 7 1/2 AVE SW
1004453004,415 10TH ST SW
1004379002,707 10TH ST SW
1004453005,411 10TH ST SW
1004453006,407 10TH ST SW
1004380002,609 10TH ST SW
1004453007,401 10TH ST SW
1004380007,1001 6TH AVE SW
1004385004,1001 9TH AVE SW
1004376019,1001 7 1/2 AVE SW
1004386001,1000 9TH AVE SW
1004453018,311 10TH ST SW
1004388002,1000 DAVID DR SW
1004376015,999 7 1/2 AVE SW
1004377004,702 10TH ST SW
1004376022, 7 1/2 AVE SW
1004378004,916 7TH AVE SW
1004385003,909 9TH AVE SW
1004453022, 10TH ST SW
1004377003,911 7TH AVE SW
1004385002,905 9TH AVE SW
1004388001,806 DAVID DR SW
1004451006,914 / 916 6TH AVE SW
1004451007,512 10TH ST SW
1004451008,506 10TH ST SW
1004451009,500 10TH ST SW
1004451010,416 10TH ST SW
1004451011,410 10TH ST SW
1004451012,406 10TH ST SW
1004451013,400 10TH ST SW
1004378003,912 7TH AVE SW
1004378006,913 6TH AVE SW
1004376013,810 DAVID DR SW
1003377010,900 9TH AVE SE
1004377002,907 7TH AVE SW
1004476004, 3RD AVE SE
1004376002,913 9TH ST SW
1004376003,903 9TH ST SW
1004376009,900 9TH AVE SW
1004376004,805 9TH ST SW
1004376020,801 9TH ST SW
1004376006,905 7 1/2 AVE SW
1004378007,902 7TH AVE SW
1004378005,901 6TH AVE SW
1004451014,900 6TH AVE SW
1004451015,509 9TH ST SW
1004451002,501 9TH ST SW
1004451003,413 9TH ST SW
1004451004,403 9TH ST SW
1003377012,850 9TH AVE SE
1004451005,401 9TH ST SW
1004476002,213 8TH ST SE
1004476003,801 3RD AVE SE
1004477001,802 3RD AVE SE
1004379010,706 10TH ST PL SW
1003377004,808 9TH AVE SE
1003352001,701 8TH ST SE
1003377001,802 9TH AVE SE
1003376001,711 8TH ST SE
1003376002,721 8TH ST SE
1003376003,801 8TH ST SE
1003376005,821 8TH ST SE
1004385010,1105 9TH AVE SW
1004387004,1009 DAVID DR SW
1009276017,2335 JAMESTOWN AVE
1010127007,2004 THREE ELMS PARK RD
1009205001,1932 LOVERS LANE BLVD
1009205002, LOVERS LANE BLVD
1009205003, LOVERS LANE BLVD
1009276019, JAMESTOWN AVE
1009276005,2343 JAMESTOWN AVE
1009251007,1603 KELLIE AVE
1009252003,1602 KELLIE AVE
1009251006,1601 KELLIE AVE
1009252002,1600 KELLIE AVE
1009251005,1505 KELLIE AVE
1009252001,1504 KELLIE AVE
1009204004,1503 KELLIE AVE
1009207002,1502 KELLIE AVE
1009207001,1500 KELLIE AVE
1009203006,1409 KELLIE AVE
1009206001,408 MITCHELL ST  SW
1009251013,1611 KELLIE AVENUE
1009207005,1503 CARRIE AVENUE
1009304012,701 PINE DR
1009208002,1502 CARRIE AVENUE
1009207004,1501 CARRIE AVENUE
1009208001,1500 CARRIE AVENUE
1009206002,406 MITCHELL STREET
1009206003,404 MITCHELL STREET
1009206004,402 MITCHELL STREET
1009252006,1603 CARRIE AVENUE
1009253003,1602 CARRIE AVENUE
1009252005,1601 CARRIE AVENUE
1009253002,1600 CARRIE AVENUE
1009252004,1505 CARRIE AVENUE
1009253001,1504 CARRIE AVENUE
1010126007,2015 THREE ELMS PARK RD
1009253007,1610 CARRIE AVENUE
1009251012,1609 KELLIE AVENUE
1009253006,1608 CARRIE AVENUE
1009251011,1607 KELLIE AVENUE
1009252009,1606 KELLIE AVENUE
1009252008,1607 CARRIE AVENUE
1009253005,1606 CARRIE AVENUE
1009253004,1604 CARRIE AVENUE
1004476009,901 3RD AVE SE
1004476008, 3RD AVE SE
1004476005,811 3RD AVE SE
1009276021, ENTERPRISE DR SW
1010151024,507 17TH ST SE
1004351005,1895 BLAND BLVD
1009203008,1405-1 KELLIE AVE
1009203009,1403-1 KELLIE AVE
1009203010,1401-1 KELLIE AVE
1009206005,303 MATTHEW ST
1009209016,300 MATTHEW ST
1009206006,401 MATTHEW ST
1009209015,302 MATTHEW ST
1009209014,304 MATTHEW ST
1009209013,306 MATTEW ST
1009209009,402 MATTHEW ST
1009209010,400 MATTHEW ST
1009209012,308 MATTHEW ST
1009209011,310 MATTHEW ST
1009209004,1402 KELLIE AVE
1009209005,406 MATTHEW ST
1009209007,404 MATTHEW ST
1009209001,1400 KELLIE AVE
1009209002,406 LOVERS LANE BLVD
1009209006,406 MATTHEW ST
1009209008,404 MATTHEW ST
1009206010,1404 KELLIE AVE
1009206009,407 MATTHEW ST
1004376021, 7 1/2 AVE SW
1009206011, KELLIE AVE
1009100003,1906 BLAND BLVD SW
1010151025,1902 3RD AVE SE(REAR LOT)
1010300017,2000 ENTERPRISE DR
1004380018,1006 7TH AVE SW
1010151029, 3RD AVE SE
1010151028,1902 3RD AVE SE
1009276027,302 ENTERPRISE DR SW
1010176009,703 17TH ST SE
1009305002,808 JUNIPER DR
1009301003,804 JUNIPER DR
1009305001,806 JUNIPER DR
1010102018,700 17TH ST SE
1010102027,600 17TH ST SE
1010102029,1984 THREE ELMS PARK RD
1010200019,2023 THREE ELMS PK RD
1009306004,813 / 815 JUNIPER DR
1009306003,809 / 811 JUNIPER DR
1010200021,2074 THREE ELMS PARK RD
1010200022,2039 THREE ELMS PARK RD
1009303006,604 PINE DR
1009303001,705 JUNIPER DR
1004376011,809 9TH ST SW
1009302003,803 JUNIPER DR
1004388007,1102 DAVID DR SW
1003353006,1010 3RD AVE SE
1004379003,701 10TH ST SW
1009251010,1605 KELLIE AVENUE
634381003,300 4TH AVE NW
634381004,302 3RD ST NW
633478006,310 12TH AVE NW
633476005,1213 O'BRIEN COURT NW
633476006,1207 O'BRIEN COURT NW
633478014,311 11TH AVE NW
633476007,1201 O'BRIEN COURT NW
633479006,310 11TH AVE NW
634354005,309 7TH AVE NW
634380002,308 6TH AVE NW
1004338001,909 8TH ST SW
1005400002,512 20TH AVE SW
1005400003,700 20TH ST SW
1005400016,508-B 20TH AVE SW
1005278001,1701 2ND ST SW
1005279001,200 17TH AVE SW
1005279002,1613 2ND ST SW
1005279003,1607 2ND ST SW
1005251018,404 20TH AVE SW
1005278002,207 17TH AVE SW
1005279004,1601 2ND ST SW
1005280001,1419 2ND ST SW
1005280002,1413 2ND ST SW
1005280003,1407 2ND ST SW
1005251014,1823 1ST ST W
1005277018,1400 2ND ST SW
1005277008,1612 2ND ST SW
1005277007,1618 2ND ST SW
1005276002,1706 2ND ST SW
1005276003,1700 2ND ST SW
1005277009,1606 2ND ST SW
1005277010,1600 2ND ST SW
1005277011,1518 2ND ST SW
1005277012,1512 2ND ST SW
1005277013,1506 2ND ST SW
1005277014,1500 2ND ST SW
1005277015,1418 2ND ST SW
1005277016,1412 2ND ST SW
1005277017,1406 2ND ST SW
1005251011,110 20TH AVE SW
1005100004,111 20TH AVE SW
1005251004,1827 1ST ST W
1005251013,1821 1ST ST W
1005252010,1811 1ST ST W
1005252003,1805 1ST ST W
1005252004,1717 1ST ST W
1005252009,1715 1ST ST W
1005252007,1711 1ST ST W
1005252008,1707 1ST ST W
1005276001,1705 1ST ST W
1005277020,1601 1ST ST W
1005277002,1601 1ST ST W
1005277003,1507 1ST ST W
1005277004,1501 1ST ST W
1005277005,1413 1ST ST W
1005277006,1401 1ST ST WEST
1004151001,1103 1ST ST W
633376005,1826 1ST ST W
633376013,1716 1ST ST W
633376014,1704 1ST ST W
633452003,1640 1ST ST W
633481025,1002 1ST ST W
633351008,2020 1ST ST W
633376007,1810 1S AVE W
633453010,100 6TH AVE NW
633453011,1506 1ST ST W
633453012,105 15TH AVE NW
633454015,1300 1ST ST W
634359008,700 1ST ST W
633351012,1900 1ST ST WEST
634387013,306 1ST ST WEST
634356012,808 1ST ST W
633376012,111 17TH AVE NW
634356013,804 1ST ST W
634387007,314 1ST ST W
634387008,312 1ST ST W
634387009,310 1ST ST W
633481021,1008 1ST ST W
634359005,714 1ST ST W
634359006,710 1ST ST W
633481024,1004 1ST ST W
634359007,706 1ST ST W
634386008,512/514 1ST STREET W
634386009,510 1ST ST W
634386010,506 1ST ST W
634386011,502 1ST ST W
634386013,414 1ST ST W
634386014,410 1ST ST W
634388003,214 1ST ST W
634387003,106 4TH AVE NW
634387010,308 1ST ST W
633453008,110 16TH AVE NW
633453009,111 15TH AVE NW
634387006,105 3RD AVE NW
633376009,115 17TH AVE NW
633454013,1304 1ST ST W
634359004,111 7TH AVE NW
633454014,117 13TH AVE NW
634389002,100 1ST ST W
634359002,110 8TH AVE NW
633454018,110 15TH AVE NW
634386002,110 6TH AVE NW
634386015,400 1ST ST W
633452002,101 16TH AVE NW
633481018,1210 1ST ST W
634387005,107 3RD AVE NW
634356015,106 9TH AVE NW
634359001,114 8TH AVE NW
634359003,115 7TH AVE NW
634386001,114 6TH AVE NW
634386003,507 2ND ST NW
634386004,501 2ND ST NW
634386005,415 2ND ST NW
634386006,409 2ND ST NW
634387001,114 4TH AVE NW
633351002,1805 220TH ST
634387004,109 3RD AVE NW
633481022,203 12TH AVE NW
633453013,200 16TH AVE NW
634388006,200 1ST ST W
634356010,109 8TH AVE NW
633453014,201 15TH AVE NW
633351010,2000 1ST ST W
634356005,112 9TH AVE NW
633454002,202 15TH AVE NW
633482006,900 1ST ST W
633453005,205 15TH AVE NW
634356009,201 8TH AVE NW
633454006,203 13TH AVE NW
633481003,202 13TH AVE NW
633481023,203 12TH AVE NW
634358009,600 2ND ST NW
633351015,1809 220TH ST
634356008,205 8TH AVE NW
634383011,300 2ND ST NW
634357006,712 2ND ST NW
634357007,708 2ND ST NW
634386012,416 1ST ST W
634357008,706 2ND ST NW
634357009,201 7TH AVE NW
633351006,2189 IOWA AVE (PART)
634358005,614 2ND ST NW
634358006,610 2ND ST NW
634358007, 2ND ST NW
634358008,207 6TH AVE NW
633376004,1818 1ST ST W
634383008,312/314 2ND ST NW
634382009,514 2ND ST NW
634382010,508 2ND ST NW
634382017,400 2ND ST NW
634382011,500 2ND ST NW
633452001,201 16TH AVE &200 17TH NW
633376006,1810 1ST ST W
634382012,418 2ND ST NW
633453001,1511 3RD ST NW
634382014,406 2ND ST NW
633453003,1507 3RD ST NW
633376008,115 17TH AVE NW
633453004,209 15TH AVE NW
634383009,310 2ND ST NW
633376009,115 17TH AVE NW
633454001,210 15TH AVE NW
634383010,304 2ND ST NW
633376010,215 17TH AVE NW
634383007,205 3RD AVE NW
634356003,214 9TH AVE NW
634382013,412 2ND ST NW
634356007,211 8TH AVE NW
633454005,1305 3RD ST NW
634357005,210 8TH AVE NW
634357004,211 7TH AVE NW
633481001,210 13TH AVE NW
633481002,1201 3RD ST NW
634358002,210 7TH AVE NW
634358004,211 6TH AVE NW
633481007,1208 1ST ST W
633481008,1101 3RD ST NW
634382008,211 4TH AVE NW
633481009,207 10TH AVE NW
634383002,210 4TH AVE NW
634383006,209 3RD AVE NW
633479018,305 10TH AVE NW
634380003,514 3RD ST NW
634380011,506 3RD ST NW
634380012,500 3RD ST NW
634380013,416 3RD ST NW
634380014,408 3RD ST NW
634380015,406 3RD ST NW
634380016,303 4TH AVE NW
634356001,214 9TH AVE NW
634356002,809 3RD ST NW
634356006,215 8TH AVE NW
634357001,214 8TH AVE NW
634357002,709 3RD ST NW
634357003,215 7TH AVE NW
634358001,615 3RD ST NW
634358003,215 6TH AVE NW
634382001,513 3RD ST NW
634382002,505 3RD ST NW
634382003,501 3RD ST NW
634382004,419 3RD ST NW
634382005,415 3RD ST NW
634382006,409 3RD ST NW
634382007,215 4TH AVE NW
634383001,214 4TH AVE NW
634383003,309 3RD ST NW
634383004,305 3RD ST NW
634383005,213 3RD AVE NW
634384001, 2ND ST NW
633476009,1212 3RD ST NW
633478008,1106 3RD ST NW
633351005,2189 IOWA AVE
633478016,1100 3RD ST NW
633479015,1000 3RD ST NW
633476008,1218 3RD ST NW
633476010,1206 3RD ST NW
633476011,1200 3RD ST NW
633478007,304 12TH AVE NW
633479007,304 11TH AVE NW
634354003,708 3RD ST NW
634354006,307 7TH AVE NW
634381002,308 4TH AVE NW
633376003,405 17TH AVE NW
633479017,315 10TH AVE NW
633476004,315 O'BRIEN COURT NW
633478005,314 12TH AVE NW
634354001,713 4TH ST NW
634354002,711 4TH ST NW
633478013,315 11TH AVE NW
634354004,315 7TH AVE NW
633479005,314 11TH AVE NW
634380001,312 6TH AVE NW
634380004,509 4TH ST NW
634380005,507 4TH ST NW
634380006,413 4TH ST NW
634380008,409 4TH ST NW
634380010,305 4TH AVE NW
634380009,403 4TH ST NW
633476003,401 O'BRIEN COURT NW
634381001,312 4TH AVE NW
633478004,400 12TH AVE NW
633478012,401 11TH AVE NW
633479004,400 11TH AVE NW
633479023,403 10TH AVE NW
633477004,402 O'BRIEN COURT
633477005,403 12TH AVE NW
633478002,410 12TH AVE NW
633478010,411 11TH AVE NW
633479002,410 11TH AVE NW
633451003,400 17TH AVE NW
634376005,516 4TH ST NW
633451006, 3RD ST NW
634353002,410 7TH AVE NW
633451007,1861 3RD ST NW
633478003,404 12TH AVE NW
633351018,1808 218TH ST
633478011,405 11TH AVE NW
633376016, 17TH AVE NW
633476002,407 O'BRIEN COURT
633479003,404 11TH AVE NW
634351006,403 8TH AVE NW
634352004,714 4TH ST NW
634352005,710 4TH ST NW
634353004,614 4TH ST NW
633376015,1846 218TH ST
634353005,610 4TH ST NW
634353006,606 4TH ST NW
633477003,409 12TH AVE NW
634353007,602 4TH ST NW
633376017,415 17TH AVE NW
634376006,508 4TH ST NW
634376007,504 4TH ST NW
634376008,414 4TH ST NW
633479021,405 10TH AVE NW
634376009,410 4TH ST NW
634302004,708 8TH ST NW
633454011,1400 1ST ST W
633454012,1310 1ST ST W
634356014,816 1ST ST W
634360001,115 6TH AVE  NW
633451008,1300 3RD ST NW
633476001,411 O'BRIEN CT NW
633477001,416 O'BRIEN COURT
633477002,413 12TH AVE NW
634351001,817 5TH ST NW
634351002,815 5TH ST NW
633478001,414 12TH AVE NW
634351003,809 5TH ST NW
634351004, 5TH ST NW
634351005,413 8TH AVE NW
633478009,415 11TH AVE NW
634352001,715 5TH ST NW
633479001,414 11TH AVE NW
634352002,711 5TH ST NW
634352003,411 7TH AVE NW
633479022,415 10TH AVE NW
634353001,414 7TH AVE NW
634353003,413 6TH AVE NW
633480015,414 10TH AVE NW
634376001,414 6TH AVE NW
634376002,507 5TH ST NW
634376003,501 5TH ST NW
634376004,417 5TH ST NW
634376011,402 4TH ST NW
633301003,1807 218TH ST
634309004,816 5TH ST NW
634309009,507 8TH AVE NW
634310004,714 5TH ST NW
634310005,710 5TH ST NW
634310006,704 5TH ST NW
634310007,505 7TH AVE NW
634311005,614 5TH ST NW
634311006,602 5TH ST NW
634311007,600 5TH ST NW
634312010,500 6TH AVE NW
634312011,508 5TH ST NW
634312012,506 5TH ST NW
634312013,500 5TH ST NW
633301005,1805 218TH ST
634309008,511 8TH AVE NW
634310003,507 7TH AVE NW
634311004,513 6TH AVE NW
634312007,508 6TH AVE NW
634309002,811 6TH ST NW
634309003,809 6TH ST NW
634309007,515 8TH AVE NW
634310001,512 8TH AVE NW
634310002,515 7TH AVE NW
634312009,513 5TH AVE NW
634338001,500 5TH AVE NW
634312005,516 6TH AVE NW
634306010,601 8TH AVE NW
634308008,601 6TH AVE NW
634307004,708 6TH ST NW
634312004,602 6TH AVE NW
634306004,816 6TH ST NW
633301004,1839 GOLF COURSE BLVD
634306005,814 6TH ST NW
634306006,812 6TH ST NW
634306009,605 8TH AVE NW
634307003,606 8TH AVE NW
634307007,700 6TH ST NW
634308003,614 6TH ST NW
634308004,608 6TH ST NW
634312003,604 6TH AVE NW
634308007,607 6TH AVE NW
633326004,1825 218TH ST
634312008,601 5TH AVE NW
634354007,301 7TH AVE NW
634306008,607 8TH AVE NW
634312002,610 6TH AVE NW
634307002,610 8TH AVE NW
634308002,610 7TH AVE NW
634308006,611 6TH AVE NW
633427016,819 7TH ST NW
634306001,819 7TH ST NW
634306002,813 7TH ST NW
634306003,809 7TH ST NW
634306007,615 8TH AVE NW
634307001,614 8TH AVE NW
634307005,705 7TH ST NW
634307006,615 7TH AVE NW
634308001,614 7TH AVE NW
634308005,615 6TH AVE NW
634312001,612 6TH AVE NW
633301006,1835 GOLF COURSE BLVD
633427015,703 9TH AVE NW
633427014, 9TH AVE NW
634302010,800 7TH AVE NW
633427002,909 9TH ST NW
633427003,907 9TH ST NW
633427004,903 9TH ST NW
634301005,818 8TH ST NW
634301006,812 8TH ST NW
634301007,804 8TH ST NW
634301008,800 8TH ST NW
634302003,802 8TH AVE NW
634304005,818 7TH ST NW
634304006,812 7TH ST NW
634304007,705 8TH AVE NW
634305005,714 7TH ST NW
634305006,710 7TH ST NW
634305007,706 7TH ST NW
634305008,702 7TH ST NW
634302016,608 7TH ST NW
633427012,709 9TH AVE NW
634305004,709 7TH AVE NW
634305002,709 8TH ST NW
634302005,706 8TH ST NW
633427011,713 9TH AVE NW
634304001,821 8TH ST NW
634304002,811 8TH ST NW
634304003,809 8TH ST NW
634304004,801 8TH ST NW
634305001,714 8TH AVE NW
634305003,715 7TH AVE NW
633427010,717 9TH AVE NW
634302011, 7TH AVE NW
634302009,804 7TH AVE NW
634301002,810 9TH AVE NW
634301004,809 8TH AVE NW
634302008,808 7TH AVE NW
634302001,810 8TH AVE NW
633428001,510 10TH AVE NW
634302002,707 9TH ST NW
634302007,815 7TH AVE NW
633426002,910 9TH ST NW
633426003,906 9TH ST NW
634301001,814 9TH AVE NW
634301003,815 8TH AVE NW
634153003,700 9TH ST NW
634311001,514 7TH AVE NW
634311002,609 6TH ST NW
634302015, 7TH ST NW
633351017,1806 218TH ST
633351016,1810 218TH ST
633481027,1208 1ST ST W
1005279011,207 ALLERTON AVE SW
1005279010,1519 2ND ST SW
1005279009,1507/1509 2ND ST SW
633351022,1859 GOLF COURSE BLVD
633351021,1851 GOLF COURSE BLVD
634153007,901 8TH AVE NW
632400005,1797 220TH ST
1004301004, BLAND BLVD
1005400015,508-A 20TH AVE SW
633454017,1414 1ST ST W
634309011,808 5TH ST NW
633351023,1853 GOLF COURSE BLVD
634309012,815 6TH ST NW
634352011,407 7TH AVE NW
634352010,706 4TH ST NW
634376012,400 4TH AVE NW
634152003,909 8TH AVE NW
633454022,1311 3RD ST NW
633454021,1309 3RD ST NW INDEPENDENCE
634351009,812 3RD ST NW
633326006,1827 218TH ST
1004338004,916/918 9TH ST SW
634311003,515 6TH AVE NW
634387002,110 4TH AVE NW
633479008,1006 3RD ST NW
633478015,305 11TH AVE NW
634309010,501 8TH AVE NW
633426004,900 9TH ST NW
634312006,514 6TH AVE NW
633480013,910 3RD ST NW
629451009,1749-51 GOLF COURSE BLVD
629476012,1749-69 GOLF COURSE BLVD
629476013,1749-70 GOLF COURSE BLVD
629451008,1749-50 GOLF COURSE BLVD
629476014,1749-71 GOLF COURSE BLVD
629451007,1749-49 GOLF COURSE BLVD
629451006,1749-48 GOLF COURSE BLVD
629451005,1749-47 GOLF COURSE BLVD
629476015,1749-72 GOLF COURSE BLVD
632204003,1772 GOLF COURSE BLVD
632204001,1758 GOLF COURSE BLVD
632204002,1762 GOLF COURSE BLVD
632100007,1750 GOLF COURSE BLVD
632204004,1776 GOLF COURSE BLVD
632204005,1782 GOLF COURSE BLVD
632204007,1796 GOLF COURSE BLVD
632100006,1748 GOLF COURSE BLVD
632201005,1771-18 GOLF COURSE BLVD
632201003,1771-16 GOLF COURSE BLVD
632200016, GOLF COURSE BLVD
632202008,1771-19 GOLF COURSE BLVD
632202005,1771-22 GOLF COURSE BLVD
632201002,1771-15 GOLF COURSE BLVD
632203014,1771-33 GOLF COURSE BLVD
632202004,1771-23 GOLF COURSE BLVD
632202001,1771-26 GOLF COURSE BLVD
632203020,1771-27 GOLF COURSE BLVD
632202003,1771-24 GOLF COURSE BLVD
632202002,1771-25 GOLF COURSE BLVD
632203024,1771-32 GOLF COURSE BLVD
632203019,1771-28 GOLF COURSE BLVD
632203018,1771-29 GOLF COURSE BLVD
632203025,1771-31 GOLF COURSE BLVD
632203017,1771-30 GOLF COURSE BLVD
632201007, GOLF COURSE BLVD
632203001,1771-13 GOLF COURSE BLVD
632203002,1771-12 GOLF COURSE BLVD
632203004,1771-10 GOLF COURSE BLVD
632203005,1771-9 GOLF COURSE BLVD
632203006,1771-8 GOLF COURSE BLVD
632203007,1771-7 GOLF COURSE BLVD
632203008,1771-6 GOLF COURSE BLVD
632203009,1771-5 GOLF COURSE BLVD
632203010,1771-4 GOLF COURSE BLVD
632203011,1771-3 GOLF COURSE BLVD
632203012,1771-2 GOLF COURSE BLVD
632203013,1771-1 GOLF COURSE BLVD
629476002,1749-59 GOLF COURSE BLVD
629476001,1749-58 GOLF COURSE BLVD
629476003,1749-60 GOLF COURSE BLVD
629451015,1749-57 GOLF COURSE BLVD
629476004,1749-61 GOLF COURSE BLVD
629451014,1749-56 GOLF COURSE BLVD
629476005,1749-62 GOLF COURSE BLVD
629476006,1749-63 GOLF COURSE BLVD
629451013,1749-55 GOLF COURSE BLVD
629476007,1749-64 GOLF COURSE BLVD
629476008,1749-65 GOLF COURSE BLVD
629451012,1749-54 GOLF COURSE BLVD
629476009,1749-66 GOLF COURSE BLVD
629476010,1749-67 GOLF COURSE BLVD
629451010,1749-52 GOLF COURSE BLVD
629476011,1749-68 GOLF COURSE BLVD
629451003,1749-45 GOLF COURSE BLVD
629451002,1749-44 GOLF COURSE BLVD
629451001,1749-43 GOLF COURSE BLVD
633100015,1803 GOLF COURSE BLVD
633100005,1805 GOLF COURSE BLVD
632200014,1795 GOLF COURSE BLVD
632200017, GOLF COURSE BLVD
629451017,1749 GOLF COURSE BLVD
629300010,1745 GOLF COURSE BLVD
633100014,1801 GOLF COURSE BLVD
632204006,1786 GOLF COURSE BLVD
632203003,1771-11 GOLF COURSE BLVD
629451004,1749-46 GOLF COURSE BLVD
634277005,702 11TH ST NE
626300015,804 14TH ST NE
626300014,900 14TH ST NE
626300008,2027 14TH ST NE
626300009,2031 14TH ST NE
626302001,801 NORTH VIEW DR
626302002,803 NORTH VIEW DR
634255009,600 11TH ST NE
634276005,1102 5TH AVE NE
634257015,312 11TH ST NE
634257008,300 11TH ST NE
634255005,1109 2ND AVE NE
634255004,1113 2ND AVE NE
634177001, 11TH ST E
634255008,1112 1ST AVE NE
634255002,109 12TH ST NE
634256002,1100 2ND AVE NE
634277006,710 11TH ST NE
634257017,1111 4TH AVE NE
634277007,712 11TH ST NE
634258001,1113 5TH AVE NE
634277008,716 11TH ST NE
634277004,1115 8TH AVE NE
634252004,212 12TH ST NE
634177001, 11TH ST E
634176001,90 12TH ST NE
634176002,1203 1ST AVE NE
634252007,208 12TH ST NE
634276019,1116 5TH AVE NE
634276002,1116 5TH AVE NE
634252005,214 12TH ST NE
634276017,517 12TH ST NE
634253001,304 12TH ST NE
634276018, 12TH ST NE
634277010,705 12TH ST NE
634254001,406 12TH ST NE
634277002,715 12TH ST NE
634277003,1119 8TH AVE NE
635151004,901 12TH ST NE
635151003,1101 12TH ST NE
634126011,1213 1ST AVE NE
634126012,1211 1ST AVE NE
634228013,520 12TH ST NE
634126010,1215 1ST AVE NE
634229007,1200 6TH AVE NE
634229017,714 12TH ST NE
634229023,720 12TH ST NE
634228012,1205 6TH AVE NE
634229006,1204 6TH AVE NE
634229014,610 12TH ST NE
634229015,700 12TH ST NE
634229016,710 12TH ST NE
634228015,1200 5TH AVE NE
634228011,1211 6TH AV NE
634229005,1210 6TH AVE NE
634228014,1210 5TH AVE NE
634228003,508 12TH ST NE
634228004,510 12TH ST NE
634228005,516 12TH ST NE
635176001,1201 12TH ST NE
635176002,1305 13TH ST
635200006, 13TH ST NE
634229021,1213 8TH AVE NE
635101006,1222 8TH AVE NE
635101008,1000 12TH ST NE
635101007,1204 8TH AVE NE
635101011,1100 12TH ST NE
634228010,1215 6TH AVE NE
634126005,1229 1ST AVE NE
634229020,1221 8TH AVE NE
634228009,1221 6TH AVE NE
635101015,1216 8TH AVE NE
634229003,1220 6TH AVE NE
634228008,1223 6TH AVE NE
634229002,1224 6TH AVE NE
635101017,1302 8TH AVE NE
634228016,501 13TH ST NE
634229001,1230 6TH AVE NE
634229008,611 13TH ST NE
634229010,705 13TH ST NE
634229011,711 13TH ST NE
634229012,717 13TH ST NE
634229018,1229 8TH AVE NE
635104009,905 REBECCA COURT
635104008,1001 REBECCA COURT
635104007,1003 REBECCA COURT
635104010,903 REBECCA COURT
635127001,1300 13TH ST NE
635103001,1304 8TH AVE NE
635104011,901 REBECCA COURT
634227012,712 13TH ST NE
634227013,716 13TH ST NE
634227014,720 13TH ST NE
635200018, 13TH ST NE
635101010, UNION ST
635102002,900 REBECCA COURT
634226008,500/512 13TH ST NE
634226008,500/512 13TH ST NE
634227005, 6TH AVE NE
634227011,1303 8TH AVE NE
635102001,1308 8TH AVE NE
635104014,902 REBECCA COURT
635104013,904 REBECCA COURT
635104012,1000 REBECCA COURT
635126010,1301 UNION AVE NE
635126009,1303 UNION AVE NE
635126008,1305 UNION AVE NE
635126007,1307 UNION AVE NE
635127004,1500 13TH ST NE
634226004,1308 5TH AVE NE
634227010,1307 8TH AVE NE
634126013, 1ST AVE NE
634227003, 6TH AVE NE
635101012,915 14TH ST NE
635101013,901 14TH ST NE
635101001,1310 8TH AVE NE
635126002,1401 14TH ST NE
635126003,1403 14TH ST NE
635101009,1201 14TH ST NE
635126004,1405 14TH ST NE
635126005,1501 14TH ST NE
635126006,1503 14TH ST NE
634201002,2105 JAMESTOWN AVE
634226012,1312 5TH AVE NE
634227016,1313 8TH AVE NE
634226011,1399 6TH AVE NE
635200017,1601 14TH ST NE
634227007,700 13TH ST NE
634227015,601 14TH ST NE
634227006,700 13TH ST NE
626301001,800 NORTHVIEW DR
627451004,2099 JAMESTOWN AVE
626300016,800 14TH ST NE
626302003,805 NORTH VIEW DR
626302004,811 NORTH VIEW DR
626300020,914 14TH ST NE
626301002,802 NORTH VIEW DR
626301003,804 NORTH VIEW DR
626400012,2053 14TH ST NE
626302005,813 NORTH VIEW DR
626301004,806 NORTH VIEW DR
626301005,808 NORTH VIEW DR
627376005,1949 14TH ST NE
634255001,105 12TH ST NE
634277009, 12TH ST NE
626300033,2037 14TH ST NE
634255003,1117 2ND AVE NE
634229022,1207 8TH AVE NE
634229019,1225 8TH AVE NE
634228007,1231 6TH AVE NE
634201003,1305 5TH AVE NE
634229025,1214 6TH AVE NE
635104006,1004 REBECCA COURT
